<Ui xmlns:xsi="http://www.w3.org/2001/XMLSchema-instance" xmlns:xsd="http://www.w3.org/2001/XMLSchema" xmlns="http://www.blizzard.com/wow/ui/">
  <Script file="libs\LibStub\LibStub.lua" />
  <Include file="libs\AceLocale-3.0\AceLocale-3.0.xml" />
  <Include file="libs\LibBabble-Zone-3.0\lib.xml" />
  <Include file="libs\LibBabble-Boss-3.0\lib.xml" />
  <Include file="libs\LibBabble-Class-3.0\lib.xml" />
  <Include file="libs\LibBabble-Inventory-3.0\lib.xml" />
  <Include file="libs\LibBabble-CreatureType-3.0\lib.xml" />
  <Include file="libs\LibKarma-1.0\lib.xml" />
</Ui>