<Ui xmlns="http://www.blizzard.com/wow/ui/" xmlns:xsi="http://www.w3.org/2001/XMLSchema-instance" xsi:schemaLocation="http://www.blizzard.com/wow/ui/
..\FrameXML\UI.xsd">

<Script file="LibPeriodicTable-3.1-ClassSpell\LibPeriodicTable-3.1-ClassSpell.lua"/>
<Script file="LibPeriodicTable-3.1-Consumable\LibPeriodicTable-3.1-Consumable.lua"/>
<Script file="LibPeriodicTable-3.1-CurrencyItems\LibPeriodicTable-3.1-CurrencyItems.lua"/>
<Script file="LibPeriodicTable-3.1-Gear\LibPeriodicTable-3.1-Gear.lua"/>
<Script file="LibPeriodicTable-3.1-GearSet\LibPeriodicTable-3.1-GearSet.lua"/>
<Script file="LibPeriodicTable-3.1-InstanceLoot\LibPeriodicTable-3.1-InstanceLoot.lua"/>
<Script file="LibPeriodicTable-3.1-InstanceLootHeroic\LibPeriodicTable-3.1-InstanceLootHeroic.lua"/>
<Script file="LibPeriodicTable-3.1-Misc\LibPeriodicTable-3.1-Misc.lua"/>
<Script file="LibPeriodicTable-3.1-Reputation\LibPeriodicTable-3.1-Reputation.lua"/>
<Script file="LibPeriodicTable-3.1-Tradeskill\LibPeriodicTable-3.1-Tradeskill.lua"/>
<Script file="LibPeriodicTable-3.1-TradeskillResultMats\LibPeriodicTable-3.1-TradeskillResultMats.lua"/>
<Script file="LibPeriodicTable-3.1-TradeskillLevels\LibPeriodicTable-3.1-TradeskillLevels.lua"/>

</Ui>
