<Ui xmlns="http://www.blizzard.com/wow/ui/" 
 xmlns:xsi="http://www.w3.org/2001/XMLSchema-instance" 
 xsi:schemaLocation="http://www.blizzard.com/wow/ui/ 
 ..\..\FrameXML\UI.xsd">
	<Font name="QuestFont_Large" font="Fonts\MORPHEUS.ttf" virtual="true">
		<FontHeight>
			<AbsValue val="15"/>
		</FontHeight>
	</Font>
	<!-- event listener -->
	<Frame name="_details_listener">
		<Scripts>
			<OnLoad>
				self:RegisterEvent ("ADDON_LOADED");
			</OnLoad>
			<OnEvent>
				_details.OnEvent (self, event, ...);
			</OnEvent>
		</Scripts>
	</Frame>
</Ui> 
