﻿<Ui xmlns="http://www.blizzard.com/wow/ui/" xmlns:xsi="http://www.w3.org/2001/XMLSchema-instance" xsi:schemaLocation="http://www.blizzard.com/wow/ui/
..\FrameXML\UI.xsd">

	<Button name="ItemDB_Browser_FilterButtonTemplate" virtual="true">
		<Size x="136" y="20"/>
		<Layers>
			<!-- Layer level="BACKGROUND">
				<Texture name="$parentLines" file="Interface\AuctionFrame\UI-AuctionFrame-FilterLines">
					<Size>
						<AbsDimension x="7" y="20"/>
					</Size>
					<Anchors>
						<Anchor point="LEFT">
							<Offset>
								<AbsDimension x="13" y="0"/>
							</Offset>
						</Anchor>
					</Anchors>
					<TexCoords left="0" right="0.4375" top="0" bottom="0.625"/>
				</Texture>
			</Layer -->
		</Layers>
		<NormalTexture name="$parentNormalTexture" file="Interface\AuctionFrame\UI-AuctionFrame-FilterBg">
			<TexCoords left="0" right="0.53125" top="0" bottom="0.625"/>
		</NormalTexture>
		<HighlightTexture file="Interface\PaperDollInfoFrame\UI-Character-Tab-Highlight" alphaMode="ADD"/>
		<ButtonText name="$parentNormalText">
			<Size x="115" y="8"/>
			<Anchors>
				<Anchor point="LEFT" x="4" y="0"/>
			</Anchors>
		</ButtonText>
		<NormalFont style="GameFontNormalSmallLeft"/>
		<HighlightFont style="GameFontHighlightSmallLeft"/>
	</Button>

	<Button name="ItemDB_Browser_AdvancedFilterButtonTemplate" virtual="true">
		<Size x="160" y="20"/>
		<HighlightTexture file="Interface\PaperDollInfoFrame\UI-Character-Tab-Highlight" alphaMode="ADD"/>
		<ButtonText name="$parentNormalText">
			<Size x="147" y="8"/>
			<Anchors>
				<Anchor point="LEFT" x="4" y="0"/>
			</Anchors>
		</ButtonText>
		<NormalFont style="GameFontNormalSmallLeft"/>
		<HighlightFont style="GameFontHighlightSmallLeft"/>
	</Button>

	<Button name="ItemDB_Browser_SortButtonTemplate" virtual="true">
		<Layers>
			<Layer level="BACKGROUND">
				<Texture name="$parent_Left" file="Interface\FriendsFrame\WhoFrame-ColumnTabs">
					<Size x="5" y="19"/>
					<Anchors>
						<Anchor point="TOPLEFT"/>
					</Anchors>
					<TexCoords left="0" right="0.078125" top="0" bottom="0.59375"/>
				</Texture>
				<Texture name="$parent_Right" file="Interface\FriendsFrame\WhoFrame-ColumnTabs">
					<Size x="4" y="19"/>
					<Anchors>
						<Anchor point="TOPRIGHT"/>
					</Anchors>
					<TexCoords left="0.90625" right="0.96875" top="0" bottom="0.59375"/>
				</Texture>
				<Texture name="$parent_Middle" file="Interface\FriendsFrame\WhoFrame-ColumnTabs">
					<Size x="10" y="19"/>
					<Anchors>
						<Anchor point="LEFT" relativeTo="$parent_Left" relativePoint="RIGHT"/>
						<Anchor point="RIGHT" relativeTo="$parent_Right" relativePoint="LEFT"/>
					</Anchors>
					<TexCoords left="0.078125" right="0.90625" top="0" bottom="0.59375"/>
				</Texture>
			</Layer>
		</Layers>
		<ButtonText name="$parent_Text">
			<Anchors>
				<Anchor point="LEFT" x="8" y="0"/>
			</Anchors>
		</ButtonText>
		<NormalFont style="GameFontHighlightSmall"/>
		<NormalTexture name="$parent_Arrow" file="Interface\Buttons\UI-SortArrow">
			<Size x="9" y="8"/>
			<Anchors>
				<Anchor point="LEFT" relativeTo="$parent_Text" relativePoint="RIGHT" x="3" y="-2"/>
			</Anchors>
			<TexCoords left="0" right="0.5625" top="0" bottom="1.0"/>
		</NormalTexture>
		<HighlightTexture file="Interface\PaperDollInfoFrame\UI-Character-Tab-Highlight" alphaMode="ADD">
			<Size>
				<AbsDimension x="5" y="24"/>
			</Size>
			<Anchors>
				<Anchor point="LEFT" x="0" y="0"/>
				<Anchor point="RIGHT" x="4" y="0"/>
			</Anchors>
		</HighlightTexture>
	</Button>

	<Button name="ItemDB_Browser_ItemButtonTemplate" hidden="false" virtual="true">
		<Size>
			<AbsDimension x="600" y="37"/>
		</Size>
		<Layers>
			<Layer level="BACKGROUND">
				<Texture name="$parentLeft" file="Interface\AuctionFrame\UI-AuctionItemNameFrame">
					<Size x="10" y="32"/>
					<Anchors>
						<Anchor point="LEFT" x="34" y="2"/>
					</Anchors>
					<TexCoords left="0" right="0.078125" top="0" bottom="1.0"/>
				</Texture>
				<Texture name="$parentRight" file="Interface\AuctionFrame\UI-AuctionItemNameFrame">
					<Size x="10" y="32"/>
					<Anchors>
						<Anchor point="RIGHT" x="0" y="2"/>
					</Anchors>
					<TexCoords left="0.75" right="0.828125" top="0" bottom="1.0"/>
				</Texture>
				<Texture file="Interface\AuctionFrame\UI-AuctionItemNameFrame">
					<Size x="10" y="32"/>
					<Anchors>
						<Anchor point="LEFT" relativeTo="$parentLeft" relativePoint="RIGHT" x="0" y="0"/>
						<Anchor point="RIGHT" relativeTo="$parentRight" relativePoint="LEFT" x="0" y="0"/>
					</Anchors>
					<TexCoords left="0.078125" right="0.75" top="0" bottom="1.0"/>
				</Texture>
			</Layer>
			<Layer level="OVERLAY">
				<FontString name="$parentName" inherits="GameFontNormal" justifyH="LEFT">
					<Size x="326" y="32"/>
					<Anchors>
						<Anchor point="TOPLEFT" x="43" y="0"/>
					</Anchors>
				</FontString>
				<FontString name="$parentMinLevel" inherits="GameFontHighlightSmall">
					<Size x="52" y="32"/>
					<Anchors>
						<Anchor point="TOPLEFT" x="370" y="0"/>
					</Anchors>
				</FontString>
				<FontString name="$parentItemLevel" inherits="GameFontHighlightSmall">
					<Size x="52" y="32"/>
					<Anchors>
						<Anchor point="TOPLEFT" x="422" y="0"/>
					</Anchors>
				</FontString>
			</Layer>
		</Layers>
		<Frames>
			<Button name="$parentItem">
				<Size x="32" y="32"/>
				<Anchors>
					<Anchor point="TOPLEFT" x="0" y="0"/>
				</Anchors>
				<Layers>
					<Layer level="BORDER">
						<Texture name="$parentIconTexture"/>
						<FontString name="$parentStack" inherits="NumberFontNormal" justifyH="RIGHT" hidden="true">
							<Anchors>
								<Anchor point="BOTTOMRIGHT" x="-1" y="2"/>
							</Anchors>
						</FontString>
						<FontString name="$parentCount" inherits="NumberFontNormalYellow" justifyH="LEFT" hidden="true">
							<Anchors>
								<Anchor point="TOPLEFT" x="1" y="-2"/>
							</Anchors>
						</FontString>
					</Layer>
				</Layers>
				<NormalTexture name="$parentNormalTexture" file="Interface\Buttons\UI-Quickslot2">
					<Size x="60" y="60"/>
					<Anchors>
						<Anchor point="CENTER" x="0" y="0"/>
					</Anchors>
				</NormalTexture>
				<PushedTexture file="Interface\Buttons\UI-Quickslot-Depress"/>
				<HighlightTexture file="Interface\Buttons\ButtonHilight-Square" alphaMode="ADD"/>
			</Button>
			<Frame name="$parentMoneyFrame" inherits="SmallMoneyFrameTemplate">
				<Anchors>
					<Anchor point="RIGHT" x="10" y="3"/>
				</Anchors>
				<Scripts>
					<OnLoad>
						SmallMoneyFrame_OnLoad(self)
						MoneyFrame_SetType(self, "AUCTION")
					</OnLoad>
				</Scripts>
			</Frame>
			<Button name="$parentUnsellableText" hidden="true">
				<Size x="10" y="11"/>
				<Anchors>
					<Anchor point="RIGHT" relativeTo="$parentMoneyFrame" relativePoint="RIGHT" x="-15" y="0"/>
				</Anchors>
				<Layers>
					<Layer level="BACKGROUND">
						<FontString inherits="GameFontNormalSmall" text="ITEM_UNSELLABLE" justifyH="RIGHT">
							<Anchors>
								<Anchor point="TOPRIGHT" x="0" y="0"/>
							</Anchors>
						</FontString>
					</Layer>
				</Layers>
			</Button>
		</Frames>
		<HighlightTexture name="$parentHighlight" file="Interface\HelpFrame\HelpFrameButton-Highlight" alphaMode="ADD">
			<Size x="562" y="32"/>
			<Anchors>
				<Anchor point="TOPLEFT" x="33" y="0"/>
			</Anchors>
			<TexCoords left="0" right="1.0" top="0" bottom="0.578125"/>
		</HighlightTexture>
	</Button>

	<Frame name="ItemDB_Browser" toplevel="true" movable="true" parent="UIParent" enableMouse="true" hidden="true">
		<Size x="832" y="447"/>
		<Anchors>
			<Anchor point="TOPLEFT" x="0" y="-104"/>
		</Anchors>
		<Layers>
			<Layer level="BACKGROUND">
				<Texture file="Interface\QuestFrame\UI-QuestLog-BookIcon">
					<Size x="58" y="58"/>
					<Anchors>
						<Anchor point="TOPLEFT" x="8" y="-7"/>
					</Anchors>
				</Texture>
			</Layer>
			<Layer level="ARTWORK">
				<Texture name="$parentTopLeft" file="Interface\AuctionFrame\UI-AuctionFrame-Browse-TopLeft">
					<Size x="256" y="256"/>
					<Anchors>
						<Anchor point="TOPLEFT"/>
					</Anchors>
				</Texture>
				<Texture name="$parentTop" file="Interface\AuctionFrame\UI-AuctionFrame-Browse-Top">
					<Size x="320" y="256"/>
					<Anchors>
						<Anchor point="TOPLEFT" x="256" y="0"/>
					</Anchors>
				</Texture>
				<Texture name="$parentTopRight" file="Interface\AuctionFrame\UI-AuctionFrame-Browse-TopRight">
					<Size x="256" y="256"/>
					<Anchors>
						<Anchor point="TOPLEFT" relativeTo="$parentTop" relativePoint="TOPRIGHT" x="0" y="0"/>
					</Anchors>
				</Texture>
				<Texture name="$parentBotLeft" file="Interface\AuctionFrame\UI-AuctionFrame-Browse-BotLeft">
					<Size x="256" y="256"/>
					<Anchors>
						<Anchor point="TOPLEFT" x="0" y="-256"/>
					</Anchors>
				</Texture>
				<!-- Texture name="$parentBot" file="Interface\AuctionFrame\UI-AuctionFrame-Browse-Bot" -->
				<Texture name="$parentBot" file="Interface\AuctionFrame\UI-AuctionFrame-Auction-Bot">
					<Size x="320" y="256"/>
					<Anchors>
						<Anchor point="TOPLEFT" x="256" y="-256"/>
					</Anchors>
				</Texture>
				<!-- Texture name="$parentBotRight" file="Interface\AuctionFrame\UI-AuctionFrame-Browse-BotRight" -->
				<Texture name="$parentBotRight" file="Interface\AuctionFrame\UI-AuctionFrame-Bid-BotRight">
					<Size x="256" y="256"/>
					<Anchors>
						<Anchor point="TOPLEFT" relativeTo="$parentBot" relativePoint="TOPRIGHT" x="0" y="0"/>
					</Anchors>
				</Texture>
			</Layer>

			<Layer level="OVERLAY">
				<FontString name="ItemDB_Browser_Title" inherits="GameFontNormal" text="ITEMDB_STRING_TITLE">
					<Anchors>
						<Anchor point="TOP" x="0" y="-18"/>
					</Anchors>
				</FontString>

				<FontString name="ItemDB_Browser_ItemCount" inherits="GameFontHighlightSmall" text="0/0">
					<Anchors>
						<Anchor point="BOTTOMRIGHT" relativePoint="BOTTOMLEFT" x="168" y="20"/>
					</Anchors>
				</FontString>

				<FontString name="ItemDB_Browser_Filter_NameText" inherits="GameFontHighlightSmall" text="NAME">
					<Anchors>
						<Anchor point="TOPLEFT" x="80" y="-41"/>
					</Anchors>
				</FontString>

				<FontString name="ItemDB_Browser_Filter_LevelText" inherits="GameFontHighlightSmall" text="LEVEL_RANGE">
					<Anchors>
						<Anchor point="TOPLEFT" x="240" y="-41"/>
					</Anchors>
				</FontString>

				<FontString name="ItemDB_Browser_Filter_RarityText" inherits="GameFontHighlightSmall" text="RARITY">
					<Anchors>
						<Anchor point="TOPLEFT" x="335" y="-41"/>
					</Anchors>
				</FontString>
			</Layer>
		</Layers>
		<Frames>
			<Button name="ItemDB_Browser_CloseButtonTR" inherits="UIPanelCloseButton">
				<Anchors>
					<Anchor point="TOPRIGHT" x="3" y="-8"/>
				</Anchors>
			</Button>
			<Button name="ItemDB_Browser_CloseButton" inherits="UIPanelButtonTemplate" text="CLOSE">
				<Size x="80" y="22"/>
				<Anchors>
					<Anchor point="BOTTOMRIGHT" relativePoint="BOTTOMRIGHT" x="-8" y="15"/>
				</Anchors>
				<Scripts>
					<OnClick>
						ItemDB_Browser:Hide()
					</OnClick>
				</Scripts>
			</Button>
			<Button name="ItemDB_Browser_ResetButton" inherits="UIPanelButtonTemplate" text="RESET">
				<Size x="80" y="22"/>
				<Anchors>
					<Anchor point="RIGHT" relativeTo="ItemDB_Browser_CloseButton" relativePoint="LEFT" x="0" y="0"/>
				</Anchors>
			</Button>
			<Button name="ItemDB_Browser_SearchButton" inherits="UIPanelButtonTemplate" text="SEARCH">
				<Size x="80" y="22"/>
				<Anchors>
					<Anchor point="RIGHT" relativeTo="ItemDB_Browser_ResetButton" relativePoint="LEFT" x="0" y="0"/>
				</Anchors>
			</Button>
			<Button name="ItemDB_Browser_ToggleFilterButton">
				<Size>
					<AbsDimension x="32" y="32"/>
				</Size>
				<Anchors>
					<Anchor point="TOPRIGHT" x="-9" y="-44"/>
				</Anchors>
				<NormalTexture file="Interface\Buttons\UI-SpellbookIcon-NextPage-Up"/>
				<PushedTexture file="Interface\Buttons\UI-SpellbookIcon-NextPage-Down"/>
				<DisabledTexture file="Interface\Buttons\UI-SpellbookIcon-NextPage-Disabled"/>
				<HighlightTexture file="Interface\Buttons\UI-Common-MouseHilight" alphaMode="ADD"/>
				<ButtonText>
					<Anchors>
						<Anchor point="RIGHT" x="-32" y="0"/>
					</Anchors>
				</ButtonText>
				<NormalFont style="GameFontNormalSmall"/>
				<PushedTextOffset x="0" y="0"/>
			</Button>

			<EditBox name="ItemDB_Browser_Filter_Name" autoFocus="false" inherits="InputBoxTemplate">
				<Size x="140" y="16"/>
				<Anchors>
					<Anchor point="TOPLEFT" relativeTo="ItemDB_Browser_Filter_NameText" relativePoint="BOTTOMLEFT" x="3" y="-3"/>
				</Anchors>
				<Scripts>
					<OnTabPressed>
						if ( IsShiftKeyDown() ) then
							ItemDB_Browser_Filter_MaxLevel:SetFocus();
						else
							ItemDB_Browser_Filter_MinLevel:SetFocus();
						end
					</OnTabPressed>
					<OnEnterPressed>
						this:ClearFocus()
						LibStub("AceAddon-3.0"):GetAddon("ItemDB"):Search()
					</OnEnterPressed>
				</Scripts>
				<FontString inherits="ChatFontNormal" bytes="64"/>
			</EditBox>

			<EditBox name="ItemDB_Browser_Filter_MinLevel" letters="2" numeric="true" autoFocus="false" inherits="InputBoxTemplate">
				<Size x="30" y="16"/>
				<Anchors>
					<Anchor point="TOPLEFT" relativeTo="ItemDB_Browser_Filter_LevelText" relativePoint="BOTTOMLEFT" x="3" y="-3"/>
				</Anchors>
				<Layers>
					<Layer level="ARTWORK">
						<FontString inherits="GameFontHighlightSmall" text="-">
							<Anchors>
								<Anchor point="LEFT" relativePoint="RIGHT" x="2" y="0"/>
							</Anchors>
						</FontString>
					</Layer>
				</Layers>
				<Scripts>
					<OnTabPressed>
						if ( IsShiftKeyDown() ) then
							ItemDB_Browser_Filter_Name:SetFocus();
						else
							ItemDB_Browser_Filter_MaxLevel:SetFocus();
						end
					</OnTabPressed>
					<OnEnterPressed>
						this:ClearFocus();
					</OnEnterPressed>
				</Scripts>
			</EditBox>

			<EditBox name="ItemDB_Browser_Filter_MaxLevel" letters="2" numeric="true" autoFocus="false" inherits="InputBoxTemplate">
				<Size x="30" y="16"/>
				<Anchors>
					<Anchor point="TOPLEFT" relativeTo="ItemDB_Browser_Filter_MinLevel" relativePoint="TOPRIGHT" x="16" y="0"/>
				</Anchors>
				<Scripts>
					<OnTabPressed>
						if ( IsShiftKeyDown() ) then
							ItemDB_Browser_Filter_MinLevel:SetFocus();
						else
							ItemDB_Browser_Filter_Name:SetFocus();
						end
					</OnTabPressed>
					<OnEnterPressed>
						self:ClearFocus();
					</OnEnterPressed>
				</Scripts>
			</EditBox>

			<Frame name="ItemDB_Browser_Filter_RarityDropDown" inherits="UIDropDownMenuTemplate" enableMouse="true">
				<Anchors>
					<Anchor point="TOPLEFT" relativeTo="ItemDB_Browser_Filter_RarityText" relativePoint="BOTTOMLEFT" x="-16" y="0"/>
				</Anchors>
			</Frame>

			<Frame name="ItemDB_Browser_FilterDropDown" inherits="UIDropDownMenuTemplate" enableMouse="true">
				<Size x="256" y="32"/>
				<Anchors>
					<Anchor point="TOPLEFT" relativePoint="TOPLEFT" x="3" y="-73"/>
				</Anchors>
			</Frame>

			<Button name="ItemDB_Browser_Sort_Rarity" inherits="ItemDB_Browser_SortButtonTemplate" text="RARITY">
				<Size x="189" y="19"/>
				<Anchors>
					<Anchor point="TOPLEFT" x="186" y="-82"/>
				</Anchors>
			</Button>

			<Button name="ItemDB_Browser_Sort_Name" inherits="ItemDB_Browser_SortButtonTemplate" text="NAME">
				<Size x="190" y="19"/>
				<Anchors>
					<Anchor point="LEFT" relativeTo="ItemDB_Browser_Sort_Rarity" relativePoint="RIGHT" x="-2" y="0"/>
				</Anchors>
			</Button>

			<Button name="ItemDB_Browser_Sort_MinLevel" inherits="ItemDB_Browser_SortButtonTemplate" text="LEVEL_ABBR">
				<Size x="57" y="19"/>
				<Anchors>
					<Anchor point="LEFT" relativeTo="ItemDB_Browser_Sort_Name" relativePoint="RIGHT" x="-2" y="0"/>
				</Anchors>
			</Button>

			<Button name="ItemDB_Browser_Sort_ItemLevel" inherits="ItemDB_Browser_SortButtonTemplate" text="LEVEL_ABBR">
				<Size x="57" y="19"/>
				<Anchors>
					<Anchor point="LEFT" relativeTo="ItemDB_Browser_Sort_MinLevel" relativePoint="RIGHT" x="-2" y="0"/>
				</Anchors>
			</Button>

			<Button name="ItemDB_Browser_Sort_Value" inherits="ItemDB_Browser_SortButtonTemplate" text="ITEMDB_STRING_VALUE">
				<Size x="150" y="19"/>
				<Anchors>
					<Anchor point="LEFT" relativeTo="ItemDB_Browser_Sort_ItemLevel" relativePoint="RIGHT" x="-2" y="0"/>
				</Anchors>
			</Button>

			<ScrollFrame name="ItemDB_Browser_FilterScrollFrame" inherits="FauxScrollFrameTemplate">
				<Size x="135" y="305"/>
				<Anchors>
					<Anchor point="TOPRIGHT" relativePoint="TOPLEFT" x="158" y="-105"/>
				</Anchors>
				<Layers>
					<Layer level="ARTWORK">
						<Texture file="Interface\PaperDollInfoFrame\UI-Character-ScrollBar">
							<Size x="31" y="256"/>
							<Anchors>
								<Anchor point="TOPLEFT" relativePoint="TOPRIGHT" x="-2" y="5"/>
							</Anchors>
							<TexCoords left="0" right="0.484375" top="0" bottom="1.0"/>
						</Texture>
						<Texture file="Interface\PaperDollInfoFrame\UI-Character-ScrollBar">
							<Size x="31" y="106"/>
							<Anchors>
								<Anchor point="BOTTOMLEFT" relativePoint="BOTTOMRIGHT" x="-2" y="-2"/>
							</Anchors>
							<TexCoords left="0.515625" right="1.0" top="0" bottom="0.4140625"/>
						</Texture>
					</Layer>
				</Layers>
			</ScrollFrame>

			<ScrollFrame name="ItemDB_Browser_ItemScrollFrame" inherits="FauxScrollFrameTemplate">
				<Size x="602" y="306"/>
				<Anchors>
					<Anchor point="TOPRIGHT" x="-33" y="-105"/>
				</Anchors>
				<Layers>
					<Layer level="ARTWORK">
						<Texture name="$parentTop" file="Interface\PaperDollInfoFrame\UI-Character-ScrollBar">
							<Size x="31" y="256"/>
							<Anchors>
								<Anchor point="TOPLEFT" relativePoint="TOPRIGHT" x="-2" y="5"/>
							</Anchors>
							<TexCoords left="0" right="0.484375" top="0" bottom="1.0"/>
						</Texture>
						<Texture file="Interface\PaperDollInfoFrame\UI-Character-ScrollBar">
							<Size x="31" y="106"/>
							<Anchors>
								<Anchor point="BOTTOMLEFT" relativePoint="BOTTOMRIGHT" x="-2" y="-2"/>
							</Anchors>
							<TexCoords left="0.515625" right="1.0" top="0" bottom="0.4140625"/>
						</Texture>
					</Layer>
				</Layers>
			</ScrollFrame>

			<Frame name="ItemDB_Browser_AdvancedFilters" hidden="true">
				<Size x="187" y="389"/>
				<Anchors>
					<Anchor point="TOPLEFT" relativeTo="ItemDB_Browser" relativePoint="TOPRIGHT" x="-2" y="-28"/>
				</Anchors>
				<Layers>
					<Layer level="BACKGROUND">
						<Texture name="ItemDB_Browser_AdvancedFiltersTop" file="Interface\AuctionFrame\AuctionHouseDressUpFrame-Top">
							<Size x="256" y="256"/>
							<Anchors>
								<Anchor point="TOPLEFT"/>
							</Anchors>
						</Texture>
						<Texture file="Interface\AuctionFrame\AuctionHouseDressUpFrame-Bottom">
							<Size x="256" y="256"/>
							<Anchors>
								<Anchor point="TOPLEFT" relativeTo="ItemDB_Browser_AdvancedFiltersTop" relativePoint="BOTTOMLEFT"/>
							</Anchors>
						</Texture>
					</Layer>
				</Layers>
				<Frames>
					<Button name="ItemDB_Browser_AdvancedFiltersCloseButton" inherits="UIPanelCloseButton">
						<Anchors>
							<Anchor point="CENTER" relativeTo="ItemDB_Browser_AdvancedFilters" relativePoint="TOPRIGHT" x="-15" y="-16"/>
						</Anchors>
						<Layers>
							<Layer level="BACKGROUND">
								<Texture file="Interface\AuctionFrame\AuctionHouseDressUpFrame-Corner">
									<Size x="32" y="32"/>
									<Anchors>
										<Anchor point="TOPRIGHT" relativeTo="ItemDB_Browser_AdvancedFilters" x="-5" y="-5"/>
									</Anchors>
								</Texture>
							</Layer>
						</Layers>
					</Button>
				</Frames>
			</Frame>

		</Frames>
		<!-- Scripts>
			<OnLoad>
				ItemDB_DBFrame_OnLoad();
			</OnLoad>
			<OnShow>
				ItemDB_DBFrame_OnShow();
			</OnShow>
			<OnHide>
				PlaySound("AuctionWindowClose");
				HideUIPanel(ItemDB_DBFrame_DressUpFrame);
			</OnHide>
			<OnMouseWheel>
				return;
			</OnMouseWheel>
		</Scripts -->
	</Frame>
</Ui>