﻿<Ui xmlns:xsi="http://www.w3.org/2001/XMLSchema-instance" xmlns:xsd="http://www.w3.org/2001/XMLSchema" xmlns="http://www.blizzard.com/wow/ui/">
	<Script file="HWM_browse.lua" />
	<Frame name="HWM_Browse_Frame" parent="UIParent" toplevel="true" hidden="true" frameStrata="HIGH" movable="true" alpha="1">
		<Size>
			<AbsDimension x="378" y="454" />
		</Size>
		<Anchors>
			<Anchor point="CENTER">
				<Offset x="0" y="0" />
			</Anchor>
		</Anchors>

		<Backdrop bgFile="Interface\Addons\HaveWeMet\hwm_browse" tile="true"  alpha="1" >
			<TileSize>
				<AbsValue val="512"/>
			</TileSize>
			<BackgroundInsets>
				<AbsInset left="0" right="0" top="0" bottom="0"/>
			</BackgroundInsets>
		</Backdrop>


		<Layers>
			
			<Layer level="OVERLAY">
				<FontString name="$parent_titletext" inherits="GameFontNormal" text="HWM - Browser" justifyH="CENTER">
					<Size>
						<AbsDimension x="300" y="18" />
					</Size>
					<Anchors>
						<Anchor point="TOP">
							<Offset x="0" y="-15" />
						</Anchor>
					</Anchors>
					
				</FontString>


				<Texture name="$parent_backrow1">
					<Size>
						<AbsDimension x="315" y="30" />
					</Size>

					<Anchors>
						<Anchor point="TOPLEFT">
							<Offset x="23" y="-97" />
						</Anchor>
					</Anchors>
					<Color r="0.75" b="0.88" g="1"/>
				</Texture>

				<Texture name="$parent_backrow2">
					<Size>
						<AbsDimension x="315" y="30" />
					</Size>

					<Anchors>
						<Anchor point="TOPLEFT">
							<Offset x="23" y="-127" />
						</Anchor>
					</Anchors>

					
						<Color r="0.75" b="0.88" g="1"/>
					
				</Texture>

				<Texture name="$parent_backrow3">
					<Size>
						<AbsDimension x="315" y="30" />
					</Size>

					<Anchors>
						<Anchor point="TOPLEFT">
							<Offset x="23" y="-157" />
						</Anchor>
					</Anchors>

					
						<Color r="0.75" b="0.88" g="1"/>
					
				</Texture>

				<Texture name="$parent_backrow4">
					<Size>
						<AbsDimension x="315" y="30" />
					</Size>

					<Anchors>
						<Anchor point="TOPLEFT">
							<Offset x="23" y="-187" />
						</Anchor>
					</Anchors>

						<Color r="0.75" b="0.88" g="1"/>
					
				</Texture>

				<Texture name="$parent_backrow5">
					<Size>
						<AbsDimension x="315" y="30" />
					</Size>

					<Anchors>
						<Anchor point="TOPLEFT">
							<Offset x="23" y="-217" />
						</Anchor>
					</Anchors>

				
						<Color r="0.75" b="0.88" g="1"/>
					
				</Texture>

				<Texture name="$parent_backrow6">
					<Size>
						<AbsDimension x="315" y="30" />
					</Size>

					<Anchors>
						<Anchor point="TOPLEFT">
							<Offset x="23" y="-247" />
						</Anchor>
					</Anchors>

					
						<Color r="0.75" b="0.88" g="1"/>
					
				</Texture>

				<Texture name="$parent_backrow7">
					<Size>
						<AbsDimension x="315" y="30" />
					</Size>

					<Anchors>
						<Anchor point="TOPLEFT">
							<Offset x="23" y="-277" />
						</Anchor>
					</Anchors>

					
						<Color r="0.75" b="0.88" g="1"/>
					
				</Texture>

				<Texture name="$parent_backrow8">
					<Size>
						<AbsDimension x="315" y="30" />
					</Size>

					<Anchors>
						<Anchor point="TOPLEFT">
							<Offset x="23" y="-307" />
						</Anchor>
					</Anchors>

						<Color r="0.75" b="0.88" g="1"/>
					
				</Texture>
				
				
				
				
				

				<FontString name="$parent_searchcaption" inherits="GameFontNormal" text="Search name for" justifyH="LEFT">
					<Size>
						<AbsDimension x="300" y="18" />
					</Size>
					<Anchors>
						<Anchor point="TOPLEFT">
							<Offset x="75" y="-43" />
						</Anchor>
					</Anchors>

				</FontString>

				<FontString name="$parent_column1" inherits="GameFontNormal" text="Name" justifyH="LEFT">
					<Size>
						<AbsDimension x="80" y="18" />
					</Size>
					<Anchors>
						<Anchor point="TOPLEFT">
							<Offset x="25" y="-73" />
						</Anchor>
					</Anchors>

				</FontString>

				<FontString name="$parent_column2" inherits="GameFontNormal" text="Rating" justifyH="LEFT">
					<Size>
						<AbsDimension x="105" y="18" />
					</Size>
					<Anchors>
						<Anchor point="TOPLEFT">
							<Offset x="110" y="-73" />
						</Anchor>
					</Anchors>

				</FontString>

				<FontString name="$parent_column3" inherits="GameFontNormal" text="Serv" justifyH="LEFT">
					<Size>
						<AbsDimension x="33" y="18" />
					</Size>
					<Anchors>
						<Anchor point="TOPLEFT">
							<Offset x="220" y="-73" />
						</Anchor>
					</Anchors>

				</FontString>

				<FontString name="$parent_column4" inherits="GameFontNormal" text="Last Seen" justifyH="LEFT">
					<Size>
						<AbsDimension x="105" y="18" />
					</Size>
					<Anchors>
						<Anchor point="TOPLEFT">
							<Offset x="255" y="-73" />
						</Anchor>
					</Anchors>

				</FontString>


				<FontString name="$parent_r1c1" inherits="GameFontNormal" text="|CffffffffPlayerNameHere" justifyH="LEFT">
					<Size>
						<AbsDimension x="80" y="18" />
					</Size>
					<Anchors>
						<Anchor point="TOPLEFT">
							<Offset x="25" y="-97" />
						</Anchor>
					</Anchors>

				</FontString>

				<FontString name="$parent_r1c2" inherits="GameFontNormal" text="|CffffffffOnce or Twice" justifyH="LEFT">
					<Size>
						<AbsDimension x="105" y="18" />
					</Size>
					<Anchors>
						<Anchor point="TOPLEFT">
							<Offset x="110" y="-97" />
						</Anchor>
					</Anchors>

				</FontString>

				<FontString name="$parent_r1c3" inherits="GameFontNormal" text="|Cffffffff*" justifyH="CENTER">
					<Size>
						<AbsDimension x="33" y="18" />
					</Size>
					<Anchors>
						<Anchor point="TOPLEFT">
							<Offset x="220" y="-97" />
						</Anchor>
					</Anchors>

				</FontString>

				<FontString name="$parent_r1c4" inherits="GameFontNormal" text="|Cffffffff300d 5h 2m" justifyH="LEFT">
					<Size>
						<AbsDimension x="105" y="18" />
					</Size>
					<Anchors>
						<Anchor point="TOPLEFT">
							<Offset x="255" y="-97" />
						</Anchor>
					</Anchors>

				</FontString>

				<FontString name="$parent_r1c5" inherits="GameFontNormal" text="|Cff00ff00Server" justifyH="LEFT">
					<Size>
						<AbsDimension x="80" y="18" />
					</Size>
					<Anchors>
						<Anchor point="TOPLEFT">
							<Offset x="25" y="-109" />
						</Anchor>
					</Anchors>

				</FontString>

				<FontString name="$parent_r1c6" inherits="GameFontNormal" text="|Cff00ff00Awesome" justifyH="LEFT">
					<Size>
						<AbsDimension x="200" y="18" />
					</Size>
					<Anchors>
						<Anchor point="TOPLEFT">
							<Offset x="110" y="-109" />
						</Anchor>
					</Anchors>

				</FontString>




				<FontString name="$parent_r2c1" inherits="GameFontNormal" text="|CffffffffPlayerNameHere" justifyH="LEFT">
					<Size>
						<AbsDimension x="80" y="18" />
					</Size>
					<Anchors>
						<Anchor point="TOPLEFT">
							<Offset x="25" y="-127" />
						</Anchor>
					</Anchors>

				</FontString>

				<FontString name="$parent_r2c2" inherits="GameFontNormal" text="|CffffffffOnce or Twice" justifyH="LEFT">
					<Size>
						<AbsDimension x="105" y="18" />
					</Size>
					<Anchors>
						<Anchor point="TOPLEFT">
							<Offset x="110" y="-127" />
						</Anchor>
					</Anchors>

				</FontString>

				<FontString name="$parent_r2c3" inherits="GameFontNormal" text="|Cffffffff*" justifyH="CENTER">
					<Size>
						<AbsDimension x="33" y="18" />
					</Size>
					<Anchors>
						<Anchor point="TOPLEFT">
							<Offset x="220" y="-127" />
						</Anchor>
					</Anchors>

				</FontString>

				<FontString name="$parent_r2c4" inherits="GameFontNormal" text="|Cffffffff300d 5h 2m" justifyH="LEFT">
					<Size>
						<AbsDimension x="105" y="18" />
					</Size>
					<Anchors>
						<Anchor point="TOPLEFT">
							<Offset x="255" y="-127" />
						</Anchor>
					</Anchors>

				</FontString>

				<FontString name="$parent_r2c5" inherits="GameFontNormal" text="|Cff00ff00Server" justifyH="LEFT">
					<Size>
						<AbsDimension x="80" y="18" />
					</Size>
					<Anchors>
						<Anchor point="TOPLEFT">
							<Offset x="25" y="-139" />
						</Anchor>
					</Anchors>

				</FontString>

				<FontString name="$parent_r2c6" inherits="GameFontNormal" text="|Cff00ff00Awesome" justifyH="LEFT">
					<Size>
						<AbsDimension x="200" y="18" />
					</Size>
					<Anchors>
						<Anchor point="TOPLEFT">
							<Offset x="110" y="-139" />
						</Anchor>
					</Anchors>

				</FontString>


				<FontString name="$parent_r3c1" inherits="GameFontNormal" text="|CffffffffPlayerNameHere" justifyH="LEFT">
					<Size>
						<AbsDimension x="80" y="18" />
					</Size>
					<Anchors>
						<Anchor point="TOPLEFT">
							<Offset x="25" y="-157" />
						</Anchor>
					</Anchors>

				</FontString>

				<FontString name="$parent_r3c2" inherits="GameFontNormal" text="|CffffffffOnce or Twice" justifyH="LEFT">
					<Size>
						<AbsDimension x="105" y="18" />
					</Size>
					<Anchors>
						<Anchor point="TOPLEFT">
							<Offset x="110" y="-157" />
						</Anchor>
					</Anchors>

				</FontString>

				<FontString name="$parent_r3c3" inherits="GameFontNormal" text="|Cffffffff*" justifyH="CENTER">
					<Size>
						<AbsDimension x="33" y="18" />
					</Size>
					<Anchors>
						<Anchor point="TOPLEFT">
							<Offset x="220" y="-157" />
						</Anchor>
					</Anchors>

				</FontString>

				<FontString name="$parent_r3c4" inherits="GameFontNormal" text="|Cffffffff300d 5h 2m" justifyH="LEFT">
					<Size>
						<AbsDimension x="105" y="18" />
					</Size>
					<Anchors>
						<Anchor point="TOPLEFT">
							<Offset x="255" y="-157" />
						</Anchor>
					</Anchors>

				</FontString>

				<FontString name="$parent_r3c5" inherits="GameFontNormal" text="|Cff00ff00Server" justifyH="LEFT">
					<Size>
						<AbsDimension x="80" y="18" />
					</Size>
					<Anchors>
						<Anchor point="TOPLEFT">
							<Offset x="25" y="-169" />
						</Anchor>
					</Anchors>

				</FontString>

				<FontString name="$parent_r3c6" inherits="GameFontNormal" text="|Cff00ff00Awesome" justifyH="LEFT">
					<Size>
						<AbsDimension x="200" y="18" />
					</Size>
					<Anchors>
						<Anchor point="TOPLEFT">
							<Offset x="110" y="-169" />
						</Anchor>
					</Anchors>

				</FontString>


				<FontString name="$parent_r4c1" inherits="GameFontNormal" text="|CffffffffPlayerNameHere" justifyH="LEFT">
					<Size>
						<AbsDimension x="80" y="18" />
					</Size>
					<Anchors>
						<Anchor point="TOPLEFT">
							<Offset x="25" y="-187" />
						</Anchor>
					</Anchors>

				</FontString>

				<FontString name="$parent_r4c2" inherits="GameFontNormal" text="|CffffffffOnce or Twice" justifyH="LEFT">
					<Size>
						<AbsDimension x="105" y="18" />
					</Size>
					<Anchors>
						<Anchor point="TOPLEFT">
							<Offset x="110" y="-187" />
						</Anchor>
					</Anchors>

				</FontString>

				<FontString name="$parent_r4c3" inherits="GameFontNormal" text="|Cffffffff*" justifyH="CENTER">
					<Size>
						<AbsDimension x="33" y="18" />
					</Size>
					<Anchors>
						<Anchor point="TOPLEFT">
							<Offset x="220" y="-187" />
						</Anchor>
					</Anchors>

				</FontString>

				<FontString name="$parent_r4c4" inherits="GameFontNormal" text="|Cffffffff300d 5h 2m" justifyH="LEFT">
					<Size>
						<AbsDimension x="105" y="18" />
					</Size>
					<Anchors>
						<Anchor point="TOPLEFT">
							<Offset x="255" y="-187" />
						</Anchor>
					</Anchors>

				</FontString>

				<FontString name="$parent_r4c5" inherits="GameFontNormal" text="|Cff00ff00Server" justifyH="LEFT">
					<Size>
						<AbsDimension x="80" y="18" />
					</Size>
					<Anchors>
						<Anchor point="TOPLEFT">
							<Offset x="25" y="-199" />
						</Anchor>
					</Anchors>

				</FontString>

				<FontString name="$parent_r4c6" inherits="GameFontNormal" text="|Cff00ff00Awesome" justifyH="LEFT">
					<Size>
						<AbsDimension x="200" y="18" />
					</Size>
					<Anchors>
						<Anchor point="TOPLEFT">
							<Offset x="110" y="-199" />
						</Anchor>
					</Anchors>

				</FontString>


				<FontString name="$parent_r5c1" inherits="GameFontNormal" text="|CffffffffPlayerNameHere" justifyH="LEFT">
					<Size>
						<AbsDimension x="80" y="18" />
					</Size>
					<Anchors>
						<Anchor point="TOPLEFT">
							<Offset x="25" y="-217" />
						</Anchor>
					</Anchors>

				</FontString>

				<FontString name="$parent_r5c2" inherits="GameFontNormal" text="|CffffffffOnce or Twice" justifyH="LEFT">
					<Size>
						<AbsDimension x="105" y="18" />
					</Size>
					<Anchors>
						<Anchor point="TOPLEFT">
							<Offset x="110" y="-217" />
						</Anchor>
					</Anchors>

				</FontString>

				<FontString name="$parent_r5c3" inherits="GameFontNormal" text="|Cffffffff*" justifyH="CENTER">
					<Size>
						<AbsDimension x="33" y="18" />
					</Size>
					<Anchors>
						<Anchor point="TOPLEFT">
							<Offset x="220" y="-217" />
						</Anchor>
					</Anchors>

				</FontString>

				<FontString name="$parent_r5c4" inherits="GameFontNormal" text="|Cffffffff300d 5h 2m" justifyH="LEFT">
					<Size>
						<AbsDimension x="105" y="18" />
					</Size>
					<Anchors>
						<Anchor point="TOPLEFT">
							<Offset x="255" y="-217" />
						</Anchor>
					</Anchors>

				</FontString>

				<FontString name="$parent_r5c5" inherits="GameFontNormal" text="|Cff00ff00Server" justifyH="LEFT">
					<Size>
						<AbsDimension x="80" y="18" />
					</Size>
					<Anchors>
						<Anchor point="TOPLEFT">
							<Offset x="25" y="-229" />
						</Anchor>
					</Anchors>

				</FontString>

				<FontString name="$parent_r5c6" inherits="GameFontNormal" text="|Cff00ff00Awesome" justifyH="LEFT">
					<Size>
						<AbsDimension x="200" y="18" />
					</Size>
					<Anchors>
						<Anchor point="TOPLEFT">
							<Offset x="110" y="-229" />
						</Anchor>
					</Anchors>

				</FontString>

				<FontString name="$parent_r6c1" inherits="GameFontNormal" text="|CffffffffPlayerNameHere" justifyH="LEFT">
					<Size>
						<AbsDimension x="80" y="18" />
					</Size>
					<Anchors>
						<Anchor point="TOPLEFT">
							<Offset x="25" y="-247" />
						</Anchor>
					</Anchors>

				</FontString>

				<FontString name="$parent_r6c2" inherits="GameFontNormal" text="|CffffffffOnce or Twice" justifyH="LEFT">
					<Size>
						<AbsDimension x="105" y="18" />
					</Size>
					<Anchors>
						<Anchor point="TOPLEFT">
							<Offset x="110" y="-247" />
						</Anchor>
					</Anchors>

				</FontString>

				<FontString name="$parent_r6c3" inherits="GameFontNormal" text="|Cffffffff*" justifyH="CENTER">
					<Size>
						<AbsDimension x="33" y="18" />
					</Size>
					<Anchors>
						<Anchor point="TOPLEFT">
							<Offset x="220" y="-247" />
						</Anchor>
					</Anchors>

				</FontString>

				<FontString name="$parent_r6c4" inherits="GameFontNormal" text="|Cffffffff300d 5h 2m" justifyH="LEFT">
					<Size>
						<AbsDimension x="105" y="18" />
					</Size>
					<Anchors>
						<Anchor point="TOPLEFT">
							<Offset x="255" y="-247" />
						</Anchor>
					</Anchors>

				</FontString>

				<FontString name="$parent_r6c5" inherits="GameFontNormal" text="|Cff00ff00Server" justifyH="LEFT">
					<Size>
						<AbsDimension x="80" y="18" />
					</Size>
					<Anchors>
						<Anchor point="TOPLEFT">
							<Offset x="25" y="-259" />
						</Anchor>
					</Anchors>

				</FontString>

				<FontString name="$parent_r6c6" inherits="GameFontNormal" text="|Cff00ff00Awesome" justifyH="LEFT">
					<Size>
						<AbsDimension x="200" y="18" />
					</Size>
					<Anchors>
						<Anchor point="TOPLEFT">
							<Offset x="110" y="-259" />
						</Anchor>
					</Anchors>

				</FontString>

				<FontString name="$parent_r7c1" inherits="GameFontNormal" text="|CffffffffPlayerNameHere" justifyH="LEFT">
					<Size>
						<AbsDimension x="80" y="18" />
					</Size>
					<Anchors>
						<Anchor point="TOPLEFT">
							<Offset x="25" y="-277" />
						</Anchor>
					</Anchors>

				</FontString>

				<FontString name="$parent_r7c2" inherits="GameFontNormal" text="|CffffffffOnce or Twice" justifyH="LEFT">
					<Size>
						<AbsDimension x="105" y="18" />
					</Size>
					<Anchors>
						<Anchor point="TOPLEFT">
							<Offset x="110" y="-277" />
						</Anchor>
					</Anchors>

				</FontString>

				<FontString name="$parent_r7c3" inherits="GameFontNormal" text="|Cffffffff*" justifyH="CENTER">
					<Size>
						<AbsDimension x="33" y="18" />
					</Size>
					<Anchors>
						<Anchor point="TOPLEFT">
							<Offset x="220" y="-277" />
						</Anchor>
					</Anchors>

				</FontString>

				<FontString name="$parent_r7c4" inherits="GameFontNormal" text="|Cffffffff300d 5h 2m" justifyH="LEFT">
					<Size>
						<AbsDimension x="105" y="18" />
					</Size>
					<Anchors>
						<Anchor point="TOPLEFT">
							<Offset x="255" y="-277" />
						</Anchor>
					</Anchors>

				</FontString>

				<FontString name="$parent_r7c5" inherits="GameFontNormal" text="|Cff00ff00Server" justifyH="LEFT">
					<Size>
						<AbsDimension x="80" y="18" />
					</Size>
					<Anchors>
						<Anchor point="TOPLEFT">
							<Offset x="25" y="-289" />
						</Anchor>
					</Anchors>

				</FontString>

				<FontString name="$parent_r7c6" inherits="GameFontNormal" text="|Cff00ff00Awesome" justifyH="LEFT">
					<Size>
						<AbsDimension x="200" y="18" />
					</Size>
					<Anchors>
						<Anchor point="TOPLEFT">
							<Offset x="110" y="-289" />
						</Anchor>
					</Anchors>

				</FontString>

				<FontString name="$parent_r8c1" inherits="GameFontNormal" text="|CffffffffPlayerNameHere" justifyH="LEFT">
					<Size>
						<AbsDimension x="80" y="18" />
					</Size>
					<Anchors>
						<Anchor point="TOPLEFT">
							<Offset x="25" y="-307" />
						</Anchor>
					</Anchors>

				</FontString>

				<FontString name="$parent_r8c2" inherits="GameFontNormal" text="|CffffffffOnce or Twice" justifyH="LEFT">
					<Size>
						<AbsDimension x="105" y="18" />
					</Size>
					<Anchors>
						<Anchor point="TOPLEFT">
							<Offset x="110" y="-307" />
						</Anchor>
					</Anchors>

				</FontString>

				<FontString name="$parent_r8c3" inherits="GameFontNormal" text="|Cffffffff*" justifyH="CENTER">
					<Size>
						<AbsDimension x="33" y="18" />
					</Size>
					<Anchors>
						<Anchor point="TOPLEFT">
							<Offset x="220" y="-307" />
						</Anchor>
					</Anchors>

				</FontString>

				<FontString name="$parent_r8c4" inherits="GameFontNormal" text="|Cffffffff300d 5h 2m" justifyH="LEFT">
					<Size>
						<AbsDimension x="105" y="18" />
					</Size>
					<Anchors>
						<Anchor point="TOPLEFT">
							<Offset x="255" y="-307" />
						</Anchor>
					</Anchors>

				</FontString>

				<FontString name="$parent_r8c5" inherits="GameFontNormal" text="|Cff00ff00Server" justifyH="LEFT">
					<Size>
						<AbsDimension x="80" y="18" />
					</Size>
					<Anchors>
						<Anchor point="TOPLEFT">
							<Offset x="25" y="-319" />
						</Anchor>
					</Anchors>

				</FontString>

				<FontString name="$parent_r8c6" inherits="GameFontNormal" text="|Cff00ff00Awesome" justifyH="LEFT">
					<Size>
						<AbsDimension x="200" y="18" />
					</Size>
					<Anchors>
						<Anchor point="TOPLEFT">
							<Offset x="110" y="-319" />
						</Anchor>
					</Anchors>

				</FontString>


				<FontString name="$parent_Status" inherits="GameFontNormal" text="Showing 10000 of 10000 (10000 unfiltered)" justifyH="LEFT">
					<Size>
						<AbsDimension x="315" y="18" />
					</Size>
					<Anchors>
						<Anchor point="TOPLEFT">
							<Offset x="25" y="-387" />
						</Anchor>
					</Anchors>

				</FontString>





				<FontString name="$parent_FilterCaption" inherits="GameFontNormal" text="Additional Filters:" justifyH="LEFT">
					<Size>
						<AbsDimension x="315" y="18" />
					</Size>
					<Anchors>
						<Anchor point="TOPLEFT">
							<Offset x="25" y="-345" />
						</Anchor>
					</Anchors>

				</FontString>

				<FontString name="$parent_FilterSessCap" inherits="GameFontNormal" text="New This Session." justifyH="LEFT">
					<Size>
						<AbsDimension x="100" y="18" />
					</Size>
					<Anchors>
						<Anchor point="TOPLEFT">
							<Offset x="50" y="-365" />
						</Anchor>
					</Anchors>

				</FontString>


				<FontString name="$parent_FilterServOnlyCap" inherits="GameFontNormal" text="This server only." justifyH="LEFT">
					<Size>
						<AbsDimension x="100" y="18" />
					</Size>
					<Anchors>
						<Anchor point="TOPLEFT">
							<Offset x="160" y="-365" />
						</Anchor>
					</Anchors>

				</FontString>

				<FontString name="$parent_FilterPopOnlyCap" inherits="GameFontNormal" text="Popular/ Recent(slower)." justifyH="LEFT">
					<Size>
						<AbsDimension x="100" y="36" />
					</Size>
					<Anchors>
						<Anchor point="TOPLEFT">
							<Offset x="260" y="-357" />
						</Anchor>
					</Anchors>

				</FontString>
				
			</Layer>
		</Layers>
		<Frames>
			<CheckButton name="$parent_FilterSession" inherits="UICheckButtonTemplate" text="CheckButton1">
				<Anchors>
					<Anchor point="TOPLEFT">
						<Offset x="20" y="-360" />
					</Anchor>
				</Anchors>
				<Scripts>
					<OnClick>
						hwm.browser:Query();
					</OnClick>
				</Scripts>
			</CheckButton>
			<CheckButton name="$parent_FilterServer" inherits="UICheckButtonTemplate" text="CheckButton1">
				<Anchors>
					<Anchor point="TOPLEFT">
						<Offset x="130" y="-360" />
					</Anchor>
				</Anchors>
				<Scripts>
					<OnClick>
						hwm.browser:Query();
					</OnClick>
				</Scripts>
			</CheckButton>

			<CheckButton name="$parent_FilterPopular" inherits="UICheckButtonTemplate" text="CheckButton1">
				<Anchors>
					<Anchor point="TOPLEFT">
						<Offset x="230" y="-360" />
					</Anchor>
				</Anchors>
				<Scripts>
					<OnClick>
						hwm.browser:Query();
					</OnClick>
				</Scripts>
			</CheckButton>
			<Button name="$parent_row1" alpha="0" hidden="false">	
				<Size>
					<AbsDimension x="315" y="30" />
				</Size>

				<Anchors>
					<Anchor point="TOPLEFT">
						<Offset x="23" y="-97" />
					</Anchor>
				</Anchors>

				<Scripts>
					<OnClick>hwm.browser:Select(1);</OnClick>
					<OnEnter>hwm.browser:Highlight(1);</OnEnter>
					<OnLeave>hwm.browser:Hide(1);</OnLeave>
					<OnDoubleClick>hwm.browser:Edit(1);</OnDoubleClick>
				</Scripts>
				<NormalTexture>
					<Color r="1" g="0.98"  b="0.62"/>
				</NormalTexture>
			</Button>
			<Button name="$parent_row2" alpha="0" hidden="false">
				<Size>
					<AbsDimension x="315" y="30" />
				</Size>

				<Anchors>
					<Anchor point="TOPLEFT">
						<Offset x="23" y="-127" />
					</Anchor>
				</Anchors>

				<Scripts>
					<OnClick>hwm.browser:Select(2);</OnClick>
					<OnEnter>hwm.browser:Highlight(2);</OnEnter>
					<OnLeave>hwm.browser:Hide(2);</OnLeave>
					<OnDoubleClick>hwm.browser:Edit(2);</OnDoubleClick>
				</Scripts>
				<NormalTexture>
					<Color r="1" g="0.98"  b="0.62"/>
				</NormalTexture>
			</Button>
			<Button name="$parent_row3" alpha="0" hidden="false">
				<Size>
					<AbsDimension x="315" y="30" />
				</Size>

				<Anchors>
					<Anchor point="TOPLEFT">
						<Offset x="23" y="-157" />
					</Anchor>
				</Anchors>

				<Scripts>
					<OnClick>hwm.browser:Select(3);</OnClick>
					<OnEnter>hwm.browser:Highlight(3);</OnEnter>
					<OnLeave>hwm.browser:Hide(3);</OnLeave>
					<OnDoubleClick>hwm.browser:Edit(3);</OnDoubleClick>
				</Scripts>
				<NormalTexture>
					<Color r="1" g="0.98"  b="0.62"/>
				</NormalTexture>
			</Button>
			<Button name="$parent_row4" alpha="0" hidden="false">
				<Size>
					<AbsDimension x="315" y="30" />
				</Size>

				<Anchors>
					<Anchor point="TOPLEFT">
						<Offset x="23" y="-187" />
					</Anchor>
				</Anchors>

				<Scripts>
					<OnClick>hwm.browser:Select(4);</OnClick>
					<OnEnter>hwm.browser:Highlight(4);</OnEnter>
					<OnLeave>hwm.browser:Hide(4);</OnLeave>
					<OnDoubleClick>hwm.browser:Edit(4);</OnDoubleClick>
				</Scripts>
				<NormalTexture>
					<Color r="1" g="0.98"  b="0.62"/>
				</NormalTexture>
			</Button>
			<Button name="$parent_row5" alpha="0" hidden="false">
				<Size>
					<AbsDimension x="315" y="30" />
				</Size>

				<Anchors>
					<Anchor point="TOPLEFT">
						<Offset x="23" y="-217" />
					</Anchor>
				</Anchors>

				<Scripts>
					<OnClick>hwm.browser:Select(5);</OnClick>
					<OnEnter>hwm.browser:Highlight(5);</OnEnter>
					<OnLeave>hwm.browser:Hide(5);</OnLeave>
					<OnDoubleClick>hwm.browser:Edit(5);</OnDoubleClick>
				</Scripts>
				<NormalTexture>
					<Color r="1" g="0.98"  b="0.62"/>
				</NormalTexture>
			</Button>
			<Button name="$parent_row6" alpha="0" hidden="false">
				<Size>
					<AbsDimension x="315" y="30" />
				</Size>

				<Anchors>
					<Anchor point="TOPLEFT">
						<Offset x="23" y="-247" />
					</Anchor>
				</Anchors>

				<Scripts>
					<OnClick>hwm.browser:Select(6);</OnClick>
					<OnEnter>hwm.browser:Highlight(6);</OnEnter>
					<OnLeave>hwm.browser:Hide(6);</OnLeave>
					<OnDoubleClick>hwm.browser:Edit(6);</OnDoubleClick>
				</Scripts>
				<NormalTexture>
					<Color r="1" g="0.98"  b="0.62"/>
				</NormalTexture>
			</Button>
			<Button name="$parent_row7" alpha="0" hidden="false">
				<Size>
					<AbsDimension x="315" y="30" />
				</Size>

				<Anchors>
					<Anchor point="TOPLEFT">
						<Offset x="23" y="-277" />
					</Anchor>
				</Anchors>

				<Scripts>
					<OnClick>hwm.browser:Select(7);</OnClick>
					<OnEnter>hwm.browser:Highlight(7);</OnEnter>
					<OnLeave>hwm.browser:Hide(7);</OnLeave>
					<OnDoubleClick>hwm.browser:Edit(7);</OnDoubleClick>
				</Scripts>
				<NormalTexture>
					<Color r="1" g="0.98"  b="0.62"/>
				</NormalTexture>
			</Button>
			<Button name="$parent_row8" alpha="0" hidden="false">
				<Size>
					<AbsDimension x="315" y="30" />
				</Size>

				<Anchors>
					<Anchor point="TOPLEFT">
						<Offset x="23" y="-307" />
					</Anchor>
				</Anchors>

				<Scripts>
					<OnClick>hwm.browser:Select(8);</OnClick>
					<OnEnter>hwm.browser:Highlight(8);</OnEnter>
					<OnLeave>hwm.browser:Hide(8);</OnLeave>
					<OnDoubleClick>hwm.browser:Edit(8);</OnDoubleClick>
				</Scripts>
				<NormalTexture>
					<Color r="0.75" b="0.88" g="1"/>
				</NormalTexture>
			</Button>



			<Slider name="$parent_ScrollBar" inherits="OptionsSliderTemplate" orientation ="VERTICAL">
				<Anchors>
					<Anchor point="TOPRIGHT" relativePoint="TOPRIGHT">
						<Offset>
							<AbsDimension x="-17" y="-115"/>
						</Offset>
					</Anchor>
					<Anchor point="BOTTOMLEFT" relativePoint="BOTTOMRIGHT">
						<Offset>
							<AbsDimension x="-35" y="135"/>
						</Offset>
					</Anchor>
				</Anchors>
				<Scripts>
					<OnValueChanged>
						hwm.browser:Scroll();
					</OnValueChanged>
				</Scripts>
			</Slider>

			<Button name="$parent_Close" inherits="UIPanelButtonTemplate2" text="X">
				<Size>
					<AbsDimension x="24" y="24" />
				</Size>
				<Anchors>
					<Anchor point="TOPRIGHT">
						<Offset x="-8" y="-14" />
					</Anchor>
				</Anchors>
				<Scripts>
					<OnClick>
						HWM_Browse_Frame:Hide();
					</OnClick>

				</Scripts>
			</Button>
			<Button name="$parent_Find" inherits="UIPanelButtonTemplate2" text="Find">
				<Size>
					<AbsDimension x="52" y="24" />
				</Size>
				<Anchors>
					<Anchor point="TOPRIGHT">
						<Offset x="-15" y="-41" />
					</Anchor>
				</Anchors>
				<Scripts>
					<OnClick>
						hwm.browser:Find();
					</OnClick>

				</Scripts>
			</Button>
			<EditBox name="$parent_FindTxt" inherits="InputBoxTemplate" font="Fonts\FRIZQT__.TTF" letters="30">
				<Size>
					<AbsDimension x="125" y="22" />
				</Size>
				<Anchors>
					<Anchor point="TOPRIGHT">
						<Offset x="-68" y="-42" />
					</Anchor>
				</Anchors>

			</EditBox>
			<Button name="$parent_ScrollUp" inherits="UIPanelButtonTemplate2" text="+">
				<Size>
					<AbsDimension x="24" y="24" />
				</Size>
				<Anchors>
					<Anchor point="TOPRIGHT">
						<Offset x="-15" y="-90" />
					</Anchor>
				</Anchors>
				<Scripts>
					<OnClick>
						hwm.browser:ScrollUp();
					</OnClick>

				</Scripts>
			</Button>
			<Button name="$parent_ScrollDown" inherits="UIPanelButtonTemplate2" text="-">
				<Size>
					<AbsDimension x="24" y="24" />
				</Size>
				<Anchors>
					<Anchor point="TOPRIGHT">
						<Offset x="-15" y="-318" />
					</Anchor>
				</Anchors>
				<Scripts>
					<OnClick>
						hwm.browser:ScrollDown();
					</OnClick>

				</Scripts>
			</Button>
			<Button name="$parent_Edit" inherits="UIPanelButtonTemplate" text="Edit">
				<Size>
					<AbsDimension x="130" y="22" />
				</Size>
				<Anchors>
					<Anchor point="BOTTOMLEFT">
						<Offset x="16" y="23" />
					</Anchor>
				</Anchors>
				<Scripts>
					<OnClick>hwm.browser:Edit(); </OnClick>
				</Scripts>
			</Button>
			<Button name="$parent_PST" inherits="UIPanelButtonTemplate" text="Whisper">
				<Size>
					<AbsDimension x="105" y="22" />
				</Size>
				<Anchors>
					<Anchor point="BOTTOMLEFT">
						<Offset x="150" y="23" />
					</Anchor>
				</Anchors>
				<Scripts>
					<OnClick>hwm.browser:Whisper() </OnClick>
				</Scripts>
			</Button>
			<Button name="$parent_Who" inherits="UIPanelButtonTemplate" text="Who">
				<Size>
					<AbsDimension x="105" y="22" />
				</Size>
				<Anchors>
					<Anchor point="BOTTOMLEFT">
						<Offset x="258" y="23" />
					</Anchor>
				</Anchors>
				<Scripts>
					<OnClick> hwm.browser:Who()</OnClick>
				</Scripts>
			</Button>
		</Frames>
		<Scripts>
			<OnMouseDown>
				this:StartMoving()
			</OnMouseDown>
			<OnMouseUp>
				this:StopMovingOrSizing()
			</OnMouseUp>
			<OnDragStop>
				this:StopMovingOrSizing()
			</OnDragStop>
		</Scripts>
	</Frame>
</Ui>