﻿<Ui xmlns:xsi="http://www.w3.org/2001/XMLSchema-instance" xmlns:xsd="http://www.w3.org/2001/XMLSchema" xmlns="http://www.blizzard.com/wow/ui/">
	<Script file="HWM_Session.lua" />
	<Frame name="HWM_Session_Frame" parent="UIParent" toplevel="true" hidden="true" frameStrata="HIGH" movable="true" alpha="1">
		<Size>
			<AbsDimension x="512" y="256" />
		</Size>
		<Anchors>
			<Anchor point="CENTER">
				<Offset x="0" y="0" />
			</Anchor>
		</Anchors>

		<Backdrop bgFile="Interface\Addons\HaveWeMet\hwm_session" tile="false"  alpha="1" >
			<TileSize>
				<AbsValue val="256"/>
			</TileSize>
			<BackgroundInsets>
				<AbsInset left="0" right="0" top="0" bottom="0"/>
			</BackgroundInsets>
		</Backdrop>
		<Layers>
			<Layer level="OVERLAY">
				<FontString name="$parent_titletext" inherits="GameFontNormal" text="HWM - Session History" justifyH="CENTER">
					<Size>
						<AbsDimension x="190" y="18" />
					</Size>
					<Anchors>
						<Anchor point="TOP">
							<Offset x="0" y="-12" />
						</Anchor>
					</Anchors>
				</FontString>
			</Layer>
		</Layers>
		<Frames>
			
			
			<ScrollFrame name="$parent_scroll" inherits="UIPanelScrollFrameTemplate">
				<Size>
					<AbsDimension x="465" y="180" />
				</Size>
				<Anchors>
					<Anchor point="TOPLEFT">
						<Offset x="17" y="-65" />
					</Anchor>
				</Anchors>
			</ScrollFrame>
			
					<Button name="$parent_OK" inherits="UIPanelButtonTemplate" text="X">
						<Size>
							<AbsDimension x="20" y="20" />
						</Size>
						<Anchors>
							<Anchor point="TOPRIGHT">
								<Offset x="-3" y="-12" />
							</Anchor>
						</Anchors>
						<Scripts>
							<OnClick>
								HWM_Session_Frame:Hide();
								hwm.vars.showsession= false;

							</OnClick>
							
						</Scripts>
					</Button>
					<SimpleHTML name="$parent_html">
						<Size>
							<AbsDimension x="450" y="221" />
						</Size>
						<Scripts>
							<OnHyperlinkClick>
								hwm_Session_ClickHyperlink(self, arg1);
							</OnHyperlinkClick>
							<OnHyperlinkEnter>
								hwm_Session_EnterHyperlink(self, arg1)
							</OnHyperlinkEnter>
							<OnHyperlinkLeave>
								hwm_Session_ExitHyperlink(self, arg1)
							</OnHyperlinkLeave>
						</Scripts>
						<FontString inherits="GameFontNormalSmall" font="Fonts\FRIZQT__.TTF" bytes="0">
							<FontHeight>
								<AbsValue val="10" />
							</FontHeight>
							<Color r="1" g="0.82" b="0" />
							<Shadow>
								<Offset>
									<AbsDimension x="1" y="-1" />
								</Offset>
								<Color r="0" g="0" b="0" />
							</Shadow>
						</FontString>
						<FontStringHeader1 inherits="QuestFontNormalLarge" font="Fonts\FRIZQT__.TTF" bytes="0">
							<FontHeight>
								<AbsValue val="14" />
							</FontHeight>
							<Color r="1" g="1" b="1" />
							<Shadow>
								<Offset>
									<AbsDimension x="1" y="-1" />
								</Offset>
								<Color r="0" g="0" b="0" />
							</Shadow>
						</FontStringHeader1>
						<FontStringHeader2 inherits="QuestFontNormalSmall" font="Fonts\FRIZQT__.TTF" bytes="0">
							<FontHeight>
								<AbsValue val="12" />
							</FontHeight>
							<Color r="0.3" g="0.18" b="0" />
						</FontStringHeader2>
						<FontStringHeader3 inherits="GameFontHighlightSmall" font="Fonts\FRIZQT__.TTF" bytes="0">
							<FontHeight>
								<AbsValue val="10" />
							</FontHeight>
							<Color r="1" g="1" b="1" />
							<Shadow>
								<Offset>
									<AbsDimension x="1" y="-1" />
								</Offset>
								<Color r="0" g="0" b="0" />
							</Shadow>
						</FontStringHeader3>
						
					</SimpleHTML>
				
			
		</Frames>
		<Scripts>
			<OnMouseDown>
				this:StartMoving()
			</OnMouseDown>
			<OnMouseUp>
				this:StopMovingOrSizing()
			</OnMouseUp>
			<OnDragStop>
				this:StopMovingOrSizing()
			</OnDragStop>
		</Scripts>
	</Frame>
</Ui>