<Ui xmlns="http://www.blizzard.com/wow/ui/" xmlns:xsi="http://www.w3.org/2001/XMLSchema-instance" xsi:schemaLocation="http://www.blizzard.com/wow/ui/
..\FrameXML\UI.xsd">
	<Script file="backportedframes.lua"/>
<!--
*******************************************************************************
    Textures
*******************************************************************************
-->
	<Texture name="HelpPlateBox-Glow-TopLeft" file="Interface\AddOns\Details\images\TalentFrame-Parts" virtual="true" >
		<Size x="11" y="11"/>
		<TexCoords left="0.91796875" right="0.96093750" top="0.65625000" bottom="0.67773438"/>
	</Texture>
	<Texture name="HelpPlateBox-Glow-TopRight" file="Interface\AddOns\Details\images\TalentFrame-Parts" virtual="true" >
		<Size x="11" y="11"/>
		<TexCoords left="0.12890625" right="0.17187500" top="0.96679688" bottom="0.98828125"/>
	</Texture>
	<Texture name="HelpPlateBox-Glow-BottomLeft" file="Interface\AddOns\Details\images\TalentFrame-Parts" virtual="true" >
		<Size x="11" y="11"/>
		<TexCoords left="0.30859375" right="0.35156250" top="0.96679688" bottom="0.98828125"/>
	</Texture>
	<Texture name="HelpPlateBox-Glow-BottomRight" file="Interface\AddOns\Details\images\TalentFrame-Parts" virtual="true" >
		<Size x="11" y="11"/>
		<TexCoords left="0.94921875" right="0.99218750" top="0.32226563" bottom="0.34375000"/>
	</Texture>
	<Texture name="_HelpPlateBox-Glow-Bottom" file="Interface\AddOns\Details\images\TalentFrame-Horizontal2" virtual="true" horizTile="true" >
		<Size x="32" y="11"/>
		<TexCoords left="0.00000000" right="1.00000000" top="0.24609375" bottom="0.28906250"/>
	</Texture>
	<Texture name="_HelpPlateBox-Glow-Top" file="Interface\AddOns\Details\images\TalentFrame-Horizontal2" virtual="true" horizTile="true" >
		<Size x="32" y="11"/>
		<TexCoords left="0.00000000" right="1.00000000" top="0.29687500" bottom="0.33984375"/>
	</Texture>
	<Texture name="!HelpPlateBox-Glow-Right" file="Interface\AddOns\Details\images\TalentFrame-Vertical2" virtual="true" vertTile="true" >
		<Size x="11" y="32"/>
		<TexCoords left="0.20703125" right="0.25000000" top="0.00000000" bottom="1.00000000"/>
	</Texture>
	<Texture name="!HelpPlateBox-Glow-Left" file="Interface\AddOns\Details\images\TalentFrame-Vertical2" virtual="true" vertTile="true" >
		<Size x="11" y="32"/>
		<TexCoords left="0.25781250" right="0.30078125" top="0.00000000" bottom="1.00000000"/>
	</Texture>
	<Texture name="HelpPlateBox-Shadow-TopLeft" file="Interface\AddOns\Details\images\TalentFrame-Parts" virtual="true" >
		<Size x="25" y="25"/>
		<TexCoords left="0.89062500" right="0.98828125" top="0.45703125" bottom="0.50585938"/>
	</Texture>
	<Texture name="HelpPlateBox-Shadow-TopRight" file="Interface\AddOns\Details\images\TalentFrame-Parts" virtual="true" >
		<Size x="25" y="25"/>
		<TexCoords left="0.66796875" right="0.76562500" top="0.77343750" bottom="0.82226563"/>
	</Texture>
	<Texture name="HelpPlateBox-Shadow-BottomLeft" file="Interface\AddOns\Details\images\TalentFrame-Parts" virtual="true" >
		<Size x="25" y="25"/>
		<TexCoords left="0.77343750" right="0.87109375" top="0.77343750" bottom="0.82226563"/>
	</Texture>
	<Texture name="HelpPlateBox-Shadow-BottomRight" file="Interface\AddOns\Details\images\TalentFrame-Parts" virtual="true" >
		<Size x="25" y="25"/>
		<TexCoords left="0.89062500" right="0.98828125" top="0.36523438" bottom="0.41406250"/>
	</Texture>
	<Texture name="_HelpPlateBox-Shadow-Top" file="Interface\AddOns\Details\images\TalentFrame-Horizontal2" virtual="true" horizTile="true" >
		<Size x="32" y="25"/>
		<TexCoords left="0.00000000" right="1.00000000" top="0.34765625" bottom="0.44531250"/>
	</Texture>
	<Texture name="_HelpPlateBox-Shadow-Bottom" file="Interface\AddOns\Details\images\TalentFrame-Horizontal2" virtual="true" horizTile="true" >
		<Size x="32" y="25"/>
		<TexCoords left="0.00000000" right="1.00000000" top="0.45312500" bottom="0.55078125"/>
	</Texture>
	<Texture name="!HelpPlateBox-Shadow-Left" file="Interface\AddOns\Details\images\TalentFrame-Vertical2" virtual="true" vertTile="true" >
		<Size x="25" y="32"/>
		<TexCoords left="0.30859375" right="0.40625000" top="0.00000000" bottom="1.00000000"/>
	</Texture>
	<Texture name="!HelpPlateBox-Shadow-Right" file="Interface\AddOns\Details\images\TalentFrame-Vertical2" virtual="true" vertTile="true" >
		<Size x="25" y="32"/>
		<TexCoords left="0.41406250" right="0.51171875" top="0.00000000" bottom="1.00000000"/>
	</Texture>
	<Texture name="HelpPlateArrowDOWN" file="Interface\AddOns\Details\images\TalentFrame-Parts" virtual="true" >
		<Size x="53" y="21"/>
		<TexCoords left="0.78515625" right="0.99218750" top="0.54687500" bottom="0.58789063"/>
	</Texture>
	<Texture name="HelpPlateArrow-GlowDOWN" file="Interface\AddOns\Details\images\TalentFrame-Parts" virtual="true" >
		<Size x="65" y="28"/>
		<TexCoords left="0.40625000" right="0.66015625" top="0.77343750" bottom="0.82812500"/>
	</Texture>
<!--
*******************************************************************************
    Frames
*******************************************************************************
-->
	<Frame name="PortraitFrameTemplateNoCloseButton" virtual="true">
		<Size x="338" y="424"/>
		<Layers>
			<Layer level="BACKGROUND" textureSubLevel="-6">
				<Texture name="$parentBg" file="Interface\AddOns\Details\images\UI-Background-Rock" horizTile="true" vertTile="true">
					<Anchors>
						<Anchor point="TOPLEFT" x="2" y="-21"/>
						<Anchor point="BOTTOMRIGHT" x="-2" y="2"/>
					</Anchors>
				</Texture>
				<Texture name="$parentTitleBg" inherits="_UI-Frame-TitleTileBG">
					<Anchors>
						<Anchor point="TOPLEFT" x="2" y="-3"/>
						<Anchor point="TOPRIGHT" x="-25" y="-3"/>
					</Anchors>
				</Texture>
			</Layer>
			<Layer level="OVERLAY" textureSubLevel="-1">
				<Texture name="$parentPortrait" parentKey="portrait">
					<Size x="60" y="60"/>
					<Anchors>
						<Anchor point="TOPLEFT" x="-6" y="7" />
					</Anchors>
				</Texture>
			</Layer>
			<Layer level="OVERLAY">
				<Texture name="$parentPortraitFrame" inherits="UI-Frame-Portrait" parentKey="portraitFrame">
					<Anchors>
						<Anchor point="TOPLEFT" x="-14" y="11"/>
					</Anchors>
				</Texture>
				<Texture name="$parentTopRightCorner" inherits="UI-Frame-TopCornerRight">
					<Anchors>
						<Anchor point="TOPRIGHT" x="0" y="1"/>
					</Anchors>
				</Texture>
				<Texture name="$parentTopLeftCorner" inherits="UI-Frame-TopLeftCorner" hidden="true" parentKey="topLeftCorner">
					<Anchors>
						<Anchor point="TOPLEFT" x="-6" y="1"/>
					</Anchors>
				</Texture>
				<Texture name="$parentTopBorder" inherits="_UI-Frame-TitleTile" parentKey="topBorderBar">
					<Anchors>
						<Anchor point="TOPLEFT" relativeTo="$parentPortraitFrame" relativePoint="TOPRIGHT" x="0" y="-10" />
						<Anchor point="TOPRIGHT" relativeTo="$parentTopRightCorner" relativePoint="TOPLEFT"/>
					</Anchors>
				</Texture>
				<FontString name="$parentTitleText" inherits="GameFontNormal" text="" parentKey="TitleText">
					<Anchors>
						<Anchor point="TOP" x="0" y="-4"/>
						<Anchor point="LEFT" x="60"/>
						<Anchor point="RIGHT" x="-60"/>
					</Anchors>
				</FontString>
			</Layer>
			<Layer level="BORDER">
				<Texture name="$parentTopTileStreaks" inherits="_UI-Frame-TopTileStreaks" parentKey="TopTileStreaks">
					<Anchors>
						<Anchor point="TOPLEFT" x="0" y="-21"/>
						<Anchor point="TOPRIGHT" x="-2" y="-21"/>
					</Anchors>
				</Texture>
				<Texture name="$parentBotLeftCorner" inherits="UI-Frame-BotCornerLeft">
					<Anchors>
						<Anchor point="BOTTOMLEFT" x="-6" y="-5"/>
					</Anchors>
				</Texture>
				<Texture name="$parentBotRightCorner" inherits="UI-Frame-BotCornerRight">
					<Anchors>
						<Anchor point="BOTTOMRIGHT" x="0" y="-5"/>
					</Anchors>
				</Texture>
				<Texture name="$parentBottomBorder" inherits="_UI-Frame-Bot">
					<Anchors>
						<Anchor point="BOTTOMLEFT" relativeTo="$parentBotLeftCorner" relativePoint="BOTTOMRIGHT" y="0"/>
						<Anchor point="BOTTOMRIGHT" relativeTo="$parentBotRightCorner" relativePoint="BOTTOMLEFT" y="0"/>
					</Anchors>
				</Texture>
				<Texture name="$parentLeftBorder" inherits="!UI-Frame-LeftTile" parentKey="leftBorderBar">
					<Anchors>
						<Anchor point="TOPLEFT" relativeTo="$parentPortraitFrame" relativePoint="BOTTOMLEFT" x="8" y="0" />
						<Anchor point="BOTTOMLEFT" relativeTo="$parentBotLeftCorner" relativePoint="TOPLEFT"/>
					</Anchors>
				</Texture>
				<Texture name="$parentRightBorder" inherits="!UI-Frame-RightTile">
					<Anchors>
						<Anchor point="TOPRIGHT" relativeTo="$parentTopRightCorner" relativePoint="BOTTOMRIGHT" x="1"/>
						<Anchor point="BOTTOMRIGHT" relativeTo="$parentBotRightCorner" relativePoint="TOPRIGHT"/>
					</Anchors>
				</Texture>
			</Layer>
		</Layers>
	</Frame>
	<Frame name="PortraitFrameTemplate" inherits="PortraitFrameTemplateNoCloseButton" virtual="true">
		<Frames>
			<Button name="$parentCloseButton" inherits="UIPanelCloseButton" parentKey="CloseButton">
				<Anchors>
					<Anchor point="TOPRIGHT" relativePoint="TOPRIGHT">
						<Offset x="4" y="5"/>
					</Anchor>
				</Anchors>
				<Scripts>
					<OnClick function="PortraitFrameCloseButton_OnClick" />
				</Scripts>
			</Button>
		</Frames>		
	</Frame>
	<Frame name="ButtonFrameTemplate" inherits="PortraitFrameTemplate" virtual="true">
		<Layers>
			<Layer level="BORDER" textureSubLevel="1">
				<Texture name="$parentBtnCornerLeft" inherits="UI-Frame-BtnCornerLeft">
					<Anchors>
						<Anchor point="BOTTOMLEFT" x="-2" y="-1"/>
					</Anchors>
				</Texture>
				<Texture name="$parentBtnCornerRight" inherits="UI-Frame-BtnCornerRight">
					<Anchors>
						<Anchor point="BOTTOMRIGHT" x="0" y="-1"/>
					</Anchors>
				</Texture>
				<Texture name="$parentButtonBottomBorder" inherits="_UI-Frame-BtnBotTile">
					<Anchors>
						<Anchor point="BOTTOMLEFT" relativeTo="$parentBtnCornerLeft" relativePoint="BOTTOMRIGHT" y="3"/>
						<Anchor point="BOTTOMRIGHT" relativeTo="$parentBtnCornerRight" relativePoint="BOTTOMLEFT"/>
					</Anchors>
				</Texture>
			</Layer>
		</Layers>
		<Frames>
			<Frame name="$parentInset" useParentLevel="true" inherits="InsetFrameTemplate" parentKey="Inset">
				<Anchors>
					<Anchor point="TOPLEFT" x="4" y="-60" />
					<Anchor point="BOTTOMRIGHT" x="-6" y="26" />
				</Anchors>
			</Frame>
		</Frames>
	</Frame>

	<ScrollFrame name="ListScrollFrameTemplate" inherits="FauxScrollFrameTemplate" virtual="true">
		<Layers>
			<Layer level="BACKGROUND">
				<Texture file="Interface\ClassTrainerFrame\UI-ClassTrainer-ScrollBar">
					<Size>
						<AbsDimension x="30" y="120"/>
					</Size>
					<Anchors>
						<Anchor point="TOPLEFT" relativePoint="TOPRIGHT">
							<Offset>
								<AbsDimension x="-3" y="2"/>
							</Offset>
						</Anchor>
					</Anchors>
					<TexCoords left="0" right="0.46875" top="0.0234375" bottom="0.9609375"/>
				</Texture>
				<Texture file="Interface\ClassTrainerFrame\UI-ClassTrainer-ScrollBar">
					<Size>
						<AbsDimension x="30" y="123"/>
					</Size>
					<Anchors>
						<Anchor point="BOTTOMLEFT" relativePoint="BOTTOMRIGHT">
							<Offset>
								<AbsDimension x="-3" y="-2"/>
							</Offset>
						</Anchor>
					</Anchors>
					<TexCoords left="0.53125" right="1.0" top="0.03125" bottom="1.0"/>
				</Texture>
			</Layer>
		</Layers>
	</ScrollFrame>
	<Frame name="ActionBarButtonSpellActivationAlert" virtual="true">
		<Animations>
			<AnimationGroup parentKey="animIn" looping="NONE">
				<Scale target="$parentSpark" 			duration="0.2" scaleX="1.5" scaleY="1.5" order="1"/>
				<Alpha target="$parentSpark" 			duration="0.2" change="1" order="1"/>
				<Scale target="$parentInnerGlow" 		duration="0.3" scaleX="2" scaleY="2" order="1"/>
				<Scale target="$parentInnerGlowOver" 	duration="0.3" scaleX="2" scaleY="2" order="1"/>
				<Alpha target="$parentInnerGlowOver"	duration="0.3" change="-1" order="1"/>
				<Scale target="$parentOuterGlow" 		duration="0.3" scaleX="0.5" scaleY="0.5" order="1"/>
				<Scale target="$parentOuterGlowOver" 	duration="0.3" scaleX="0.5" scaleY="0.5" order="1"/>
				<Alpha target="$parentOuterGlowOver"	duration="0.3" change="-1" order="1"/>
				<Scale target="$parentSpark" startDelay="0.2" duration="0.2" scaleX="0.666666" scaleY="0.666666" order="1"/>
				<Alpha target="$parentSpark" startDelay="0.2" duration="0.2" change="-1" order="1"/>
				<Alpha target="$parentInnerGlow" startDelay="0.3" duration="0.2" change="-1" order="1"/>
				<Alpha target="$parentAnts"	startDelay="0.3" duration="0.2" change="1" order="1"/>
				<Scripts>
					<OnPlay>
						local frame = self:GetParent();
						local frameWidth, frameHeight = frame:GetSize();
						frame.spark:SetSize(frameWidth, frameHeight);
						frame.spark:SetAlpha(0.3);
						frame.innerGlow:SetSize(frameWidth / 2, frameHeight / 2);
						frame.innerGlow:SetAlpha(1.0);
						frame.innerGlowOver:SetAlpha(1.0);
						frame.outerGlow:SetSize(frameWidth * 2, frameHeight * 2);
						frame.outerGlow:SetAlpha(1.0);
						frame.outerGlowOver:SetAlpha(1.0);
						frame.ants:SetSize(frameWidth * 0.85, frameHeight * 0.85)
						frame.ants:SetAlpha(0);
						frame:Show();
					</OnPlay>
					<OnFinished>
						local frame = self:GetParent();
						local frameWidth, frameHeight = frame:GetSize();
						frame.spark:SetAlpha(0);
						frame.innerGlow:SetAlpha(0);
						frame.innerGlow:SetSize(frameWidth, frameHeight);
						frame.innerGlowOver:SetAlpha(0.0);
						frame.outerGlow:SetSize(frameWidth, frameHeight);
						frame.outerGlowOver:SetAlpha(0.0);
						frame.outerGlowOver:SetSize(frameWidth, frameHeight);
						frame.ants:SetAlpha(1.0);
					</OnFinished>
				</Scripts>
			</AnimationGroup>
			<AnimationGroup parentKey="animOut">
				<Alpha target="$parentOuterGlowOver" duration="0.2" change="1" order="1"/>
				<Alpha target="$parentAnts"	duration="0.2" change="-1" order="1"/>
				<Alpha target="$parentOuterGlowOver" duration="0.2" change="-1" order="2"/>
				<Alpha target="$parentOuterGlow" duration="0.2" change="-1" order="2"/>
				<Scripts>
					<OnStop>
						ActionButton_OverlayGlowAnimOutFinished(self);
					</OnStop>
				</Scripts>
			</AnimationGroup>
		</Animations>
		<Layers>
			<Layer level="BACKGROUND">
				<Texture name="$parentSpark" parentKey="spark" file="Interface\AddOns\Details\images\IconAlert" setAllPoints="true">
					<Anchors>
						<Anchor point="CENTER"/>
					</Anchors>
					<TexCoords left="0.00781250" right="0.61718750" top="0.00390625" bottom="0.26953125"/>
				</Texture>
			</Layer>
			<Layer level="ARTWORK">
				<Texture name="$parentInnerGlow" parentKey="innerGlow" file="Interface\AddOns\Details\images\IconAlert" setAllPoints="true">
					<Anchors>
						<Anchor point="CENTER"/>
					</Anchors>
					<TexCoords left="0.00781250" right="0.50781250" top="0.27734375" bottom="0.52734375"/>
				</Texture>
				<Texture name="$parentInnerGlowOver" parentKey="innerGlowOver" file="Interface\AddOns\Details\images\IconAlert">
					<Anchors>
						<Anchor point="TOPLEFT" relativeTo="$parentInnerGlow" relativePoint="TOPLEFT"/>
						<Anchor point="BOTTOMRIGHT" relativeTo="$parentInnerGlow" relativePoint="BOTTOMRIGHT"/>
					</Anchors>
					<TexCoords left="0.00781250" right="0.50781250" top="0.53515625" bottom="0.78515625"/>
				</Texture>
				<Texture name="$parentOuterGlow" parentKey="outerGlow" file="Interface\AddOns\Details\images\IconAlert" setAllPoints="true">
					<Anchors>
						<Anchor point="CENTER"/>
					</Anchors>
					<TexCoords left="0.00781250" right="0.50781250" top="0.27734375" bottom="0.52734375"/>
				</Texture>
				<Texture name="$parentOuterGlowOver" parentKey="outerGlowOver" file="Interface\AddOns\Details\images\IconAlert">
					<Anchors>
						<Anchor point="TOPLEFT" relativeTo="$parentOuterGlow" relativePoint="TOPLEFT"/>
						<Anchor point="BOTTOMRIGHT" relativeTo="$parentOuterGlow" relativePoint="BOTTOMRIGHT"/>
					</Anchors>
					<TexCoords left="0.00781250" right="0.50781250" top="0.53515625" bottom="0.78515625"/>
				</Texture>
			</Layer>
			<Layer level="OVERLAY">
				<Texture name="$parentAnts" parentKey="ants" file="Interface\AddOns\Details\images\IconAlertAnts" setAllPoints="true">
					<Anchors>
						<Anchor point="CENTER"/>
					</Anchors>
				</Texture>
			</Layer>
		</Layers>
		<Scripts>
			<OnUpdate function="ActionButton_OverlayGlowOnUpdate"/>
			<OnHide>
				if ( self.animOut:IsPlaying() ) then
					self.animOut:Stop();
					ActionButton_OverlayGlowAnimOutFinished(self.animOut);
				end
			</OnHide>
		</Scripts>
	</Frame>
	<!-- WatchFrame copy, not yet existing on WotLK -->
	<ScrollFrame name="DetailsTutorialAlertFrameTemplate" enableMouse="true" virtual="true">
		<Size x="224" y="72"/>
		<Scripts>
			<OnLoad>
				self:SetHorizontalScroll(-28.5);
			</OnLoad>
		</Scripts>
		<ScrollChild>
			<Frame name="$parentScrollChild" parentKey="ScrollChild">
				<Size x="190" y="60"/>
				<Layers>
					<Layer level="BACKGROUND">
						<Texture name="$parentBg" setAllPoints="true">
							<Color r="0" g="0" b="0" a="0.5"/>
						</Texture>
					</Layer>
					<Layer level="BORDER">
						<Texture name="$parentBorderTopLeft" file="Interface\AddOns\Details\images\AutoQuest-Parts">
							<Size x="16" y="16"/>
							<TexCoords left="0.02539063" right="0.05664063" top="0.01562500" bottom="0.26562500"/>
							<Anchors>
								<Anchor point="TOPLEFT" x="-4" y="4" />
							</Anchors>
						</Texture>

						<Texture name="$parentBorderTopRight" file="Interface\AddOns\Details\images\AutoQuest-Parts">
							<Size x="16" y="16"/>
							<TexCoords left="0.02539063" right="0.05664063" top="0.29687500" bottom="0.54687500"/>
							<Anchors>
								<Anchor point="TOPRIGHT" x="4" y="4" />
							</Anchors>
						</Texture>

						<Texture name="$parentBorderBotLeft" file="Interface\AddOns\Details\images\AutoQuest-Parts">
							<Size x="16" y="16"/>
							<TexCoords left="0.02539063" right="0.05664063" top="0.57812500" bottom="0.82812500"/>
							<Anchors>
								<Anchor point="BOTTOMLEFT" x="-4" y="-4" />
							</Anchors>
						</Texture>

						<Texture name="$parentBorderBotRight" file="Interface\AddOns\Details\images\AutoQuest-Parts">
							<Size x="16" y="16"/>
							<TexCoords left="0.06054688" right="0.09179688" top="0.01562500" bottom="0.26562500"/>
							<Anchors>
								<Anchor point="BOTTOMRIGHT" x="4" y="-4"/>
							</Anchors>
						</Texture>

						<Texture name="$parentBorderLeft" file="Interface\AddOns\Details\images\AutoQuestToastBorder-LeftRight" vertTile="true">
							<Size x="8" y="16"/>
							<Anchors>
								<Anchor point="TOPLEFT" relativeTo="$parentBorderTopLeft" relativePoint="BOTTOMLEFT"/>
								<Anchor point="BOTTOMLEFT" relativeTo="$parentBorderBotLeft" relativePoint="TOPLEFT"/>
							</Anchors>
							<TexCoords left="0" right="0.5" top="0" bottom="1"/>
						</Texture>

						<Texture name="$parentBorderRight" file="Interface\AddOns\Details\images\AutoQuestToastBorder-LeftRight" vertTile="true">
							<Size x="8" y="16"/>
							<Anchors>
								<Anchor point="TOPRIGHT" relativeTo="$parentBorderTopRight" relativePoint="BOTTOMRIGHT"/>
								<Anchor point="BOTTOMRIGHT" relativeTo="$parentBorderBotRight" relativePoint="TOPRIGHT"/>
							</Anchors>
							<TexCoords left="0.5" right="1" top="0" bottom="1"/>
						</Texture>

						<Texture name="$parentBorderTop" file="Interface\AddOns\Details\images\AutoQuestToastBorder-TopBot" horizTile="true">
							<Size x="16" y="8"/>
							<Anchors>
								<Anchor point="TOPLEFT" relativeTo="$parentBorderTopLeft" relativePoint="TOPRIGHT"/>
								<Anchor point="TOPRIGHT" relativeTo="$parentBorderTopRight" relativePoint="TOPLEFT"/>
							</Anchors>
							<TexCoords left="0" right="1" top="0" bottom="0.5"/>
						</Texture>

						<Texture name="$parentBorderBottom" file="Interface\AddOns\Details\images\AutoQuestToastBorder-TopBot" horizTile="true">
							<Size x="16" y="8"/>
							<Anchors>
								<Anchor point="BOTTOMLEFT" relativeTo="$parentBorderBotLeft" relativePoint="BOTTOMRIGHT"/>
								<Anchor point="BOTTOMRIGHT" relativeTo="$parentBorderBotRight" relativePoint="BOTTOMLEFT"/>
							</Anchors>
							<TexCoords left="0" right="1" top="0.5" bottom="1"/>
						</Texture>
					</Layer>
					<Layer level="ARTWORK">
						<Texture name="$parentQuestIconBg" inherits="QuestIcon-Large">
							<Anchors>
								<Anchor point="CENTER" relativePoint="LEFT"/>
							</Anchors>
						</Texture>
					</Layer>
					<Layer level="ARTWORK" textureSubLevel="1">
						<Texture name="$parentExclamation" parentKey="Exclamation" hidden="true" file="Interface\AddOns\Details\images\AutoQuest-Parts">
							<Size x="19" y="33"/>
							<TexCoords left="0.13476563" right="0.17187500" top="0.01562500" bottom="0.53125000"/>
							<Anchors>
								<Anchor point="CENTER" relativeTo="$parentQuestIconBg" x="0.5" />
							</Anchors>
						</Texture>

						<Texture name="$parentQuestionMark" parentKey="QuestionMark" hidden="true" file="Interface\AddOns\Details\images\AutoQuest-Parts">
							<Size x="19" y="33"/>
							<TexCoords left="0.17578125" right="0.21289063" top="0.01562500" bottom="0.53125000"/>
							<Anchors>
								<Anchor point="CENTER" relativeTo="$parentQuestIconBg" x="0.5" />
							</Anchors>
						</Texture>
					</Layer>
					<Layer level="BORDER">
						<FontString name="$parentQuestName" inherits="QuestFont_Large" parentKey="QuestName">
							<Anchors>
								<Anchor point="LEFT" relativeTo="$parentQuestIconBg" relativePoint="RIGHT" x="-6"/>
								<Anchor point="RIGHT" x="-8"/>
								<Anchor point="TOP" x="0" y="-24"/>
							</Anchors>
							<Color r="1" g="1" b="1"/>
						</FontString>
						<FontString name="$parentTopText" inherits="GameFontNormalSmall" parentKey="TopText">
							<Anchors>
								<Anchor point="TOP" x="0" y="-4"/>
								<Anchor point="LEFT" relativeTo="$parentQuestIconBg" relativePoint="RIGHT" x="-6"/>
								<Anchor point="RIGHT" x="-8"/>
							</Anchors>
						</FontString>
						<FontString name="$parentBottomText" inherits="GameFontDisableSmall" parentKey="BottomText">
							<Anchors>
								<Anchor point="BOTTOM" x="0" y="4"/>
								<Anchor point="LEFT" relativeTo="$parentQuestIconBg" relativePoint="RIGHT" x="-6"/>
								<Anchor point="RIGHT" x="-8"/>
							</Anchors>
						</FontString>
					</Layer>
					<Layer level="BORDER" textureSubLevel="1">
						<Texture name="$parentShine" alphaMode="ADD" alpha="0" hidden="true" parentKey="Shine">
							<Animations>
								<AnimationGroup name="$parentFlash" parentKey="Flash">
									<Alpha startDelay="0" change="0.4" duration="0.25" order="1"/>
									<Alpha startDelay="0.05" change="-0.4" duration="0.25" order="2"/>
									<Scripts>
										<OnStop>
											self:GetParent():Hide();
										</OnStop>
										<OnFinished>
											self:GetParent():Hide();
										</OnFinished>
									</Scripts>
								</AnimationGroup>
							</Animations>
							<Anchors>
								<Anchor point="TOPLEFT" x="-1" y="1"/>
								<Anchor point="BOTTOMRIGHT" x="1" y="-1"/>
							</Anchors>
							<Color r="1" g="1" b="1"/>
						</Texture>
					</Layer>
					<Layer level="OVERLAY">
						<Texture name="$parentIconShine" alphaMode="ADD" alpha="0" hidden="true" parentKey="IconShine" file="Interface\AddOns\Details\images\AutoQuest-Parts">
							<Size x="42" y="42"/>
							<TexCoords left="0.21679688" right="0.29882813" top="0.01562500" bottom="0.67187500"/>
							<Anchors>
								<Anchor point="CENTER" relativeTo="$parentQuestIconBg"/>
							</Anchors>
							<Animations>
								<AnimationGroup name="$parentFlash" parentKey="Flash">
									<Alpha change="0.9" duration="0.25" order="1"/>
									<Alpha startDelay="0.05" change="-0.9" duration="0.25" order="2"/>
									<Scripts>
										<OnStop>
											self:GetParent():Hide();
										</OnStop>
										<OnFinished>
											self:GetParent():Hide();
											--if (self:GetParent():GetParent():GetParent().type=="COMPLETED") then
												--self:GetParent():GetParent().Flash:Show();
											--end
										</OnFinished>
									</Scripts>
								</AnimationGroup>
							</Animations>
						</Texture>
					</Layer>
				</Layers>
				<Frames>
					<Frame name="$parentFlash" useParentLevel="true" setAllPoints="true" hidden="true" parentKey="Flash">
						<Layers>
							<Layer level="BORDER">
								<Texture name="QuestLogFrameCompleteButtonFlash" inherits="UIPanelButtonHighlightTexture" parentKey="Flash">
									<Size x="180" y="28"/>
									<Anchors>
										<Anchor point="TOPLEFT" x="14" y="-2"/>
									</Anchors>
								</Texture>
							</Layer>
							<Layer level="OVERLAY">
								<Texture name="$parentIconFlash" alphaMode="ADD" alpha="0.5" parentKey="IconFlash" file="Interface\AddOns\Details\images\AutoQuest-Parts">
									<Size x="42" y="42"/>
									<TexCoords left="0.21679688" right="0.29882813" top="0.01562500" bottom="0.67187500"/>
									<Anchors>
										<Anchor point="CENTER" relativePoint="LEFT"/>
									</Anchors>
								</Texture>
							</Layer>
						</Layers>
						<Scripts>
							<OnLoad>
								self.IconFlash:SetVertexColor(1, 0, 0);
							</OnLoad>
							<OnShow>
								UIFrameFlash(self, 0.75, 0.75, -1, nil);
							</OnShow>
							<OnHide>
								UIFrameFlashStop(self);
							</OnHide>
						</Scripts>
					</Frame>
				</Frames>
			</Frame>
		</ScrollChild>
	</ScrollFrame>
<!--
*******************************************************************************
    GlowBoxTemplate
	This is a bright yellow box with a glow around it
*******************************************************************************
-->
	<Frame name="GlowBoxTemplate" virtual="true">
		<Layers>
			<Layer level="BACKGROUND">
				<Texture name="$parentBg" parentKey="BG">
					<Anchors>
						<Anchor point="TOPLEFT" x="1" y="-1"/>
						<Anchor point="BOTTOMRIGHT" x="-1" y="1"/>
					</Anchors>
					<Color r="1" g="1" b="1"/>
					<Gradient orientation="VERTICAL">
						<MinColor r="0.23" g="0.19" b="0"/>
						<MaxColor r="0" g="0" b="0"/>
					</Gradient>
				</Texture>
			</Layer>
			<Layer level="BACKGROUND" textureSubLevel="-1">
				<Texture name="$parentGlowTopLeft" inherits="HelpPlateBox-Glow-TopLeft" parentKey="GlowTopLeft" alphaMode="ADD">
					<Anchors>
						<Anchor point="TOPLEFT" x="-6" y="6"/>
					</Anchors>
				</Texture>
				<Texture name="$parentGlowTopRight" inherits="HelpPlateBox-Glow-TopRight" parentKey="GlowTopRight" alphaMode="ADD">
					<Anchors>
						<Anchor point="TOPRIGHT" x="6" y="6"/>
					</Anchors>
				</Texture>

				<Texture name="$parentGlowBottomLeft" inherits="HelpPlateBox-Glow-BottomLeft" parentKey="GlowBottomLeft" alphaMode="ADD">
					<Anchors>
						<Anchor point="BOTTOMLEFT" x="-6" y="-6"/>
					</Anchors>
				</Texture>

				<Texture name="$parentGlowBottomRight" inherits="HelpPlateBox-Glow-BottomRight" parentKey="GlowBottomRight" alphaMode="ADD">
					<Anchors>
						<Anchor point="BOTTOMRIGHT" x="6" y="-6"/>
					</Anchors>
				</Texture>

				<Texture name="$parentGlowTop" inherits="_HelpPlateBox-Glow-Top" parentKey="GlowTop" alphaMode="ADD">
					<Anchors>
						<Anchor point="TOPLEFT" relativeTo="$parentGlowTopLeft" relativePoint="TOPRIGHT"/>
						<Anchor point="TOPRIGHT" relativeTo="$parentGlowTopRight" relativePoint="TOPLEFT"/>
					</Anchors>
				</Texture>
				<Texture name="$parentGlowBottom" inherits="_HelpPlateBox-Glow-Bottom" parentKey="GlowBottom" alphaMode="ADD">
					<Anchors>
						<Anchor point="BOTTOMLEFT" relativeTo="$parentGlowBottomLeft" relativePoint="BOTTOMRIGHT"/>
						<Anchor point="BOTTOMRIGHT" relativeTo="$parentGlowBottomRight" relativePoint="BOTTOMLEFT"/>
					</Anchors>
				</Texture>
				<Texture name="$parentGlowLeft" inherits="!HelpPlateBox-Glow-Left" parentKey="GlowLeft" alphaMode="ADD">
					<Anchors>
						<Anchor point="TOPLEFT" relativeTo="$parentGlowTopLeft" relativePoint="BOTTOMLEFT"/>
						<Anchor point="BOTTOMLEFT" relativeTo="$parentGlowBottomLeft" relativePoint="TOPLEFT"/>
					</Anchors>
				</Texture>
				<Texture name="$parentGlowRight" inherits="!HelpPlateBox-Glow-Right" parentKey="GlowRight" alphaMode="ADD">
					<Anchors>
						<Anchor point="TOPRIGHT" relativeTo="$parentGlowTopRight" relativePoint="BOTTOMRIGHT"/>
						<Anchor point="BOTTOMRIGHT" relativeTo="$parentGlowBottomRight" relativePoint="TOPRIGHT"/>
					</Anchors>
				</Texture>
			</Layer>
			<Layer level="BACKGROUND" textureSubLevel="-2">
				<Texture name="$parentShadowTopLeft" inherits="HelpPlateBox-Shadow-TopLeft" parentKey="ShadowTopLeft" >
					<Anchors>
						<Anchor point="TOPLEFT" x="-16" y="16"/>
					</Anchors>
				</Texture>
				<Texture name="$parentShadowTopRight" inherits="HelpPlateBox-Shadow-TopRight" parentKey="ShadowTopRight" >
					<Anchors>
						<Anchor point="TOPRIGHT" x="16" y="16"/>
					</Anchors>
				</Texture>

				<Texture name="$parentShadowBottomLeft" inherits="HelpPlateBox-Shadow-BottomLeft" parentKey="ShadowBottomLeft" >
					<Anchors>
						<Anchor point="BOTTOMLEFT" x="-16" y="-16"/>
					</Anchors>
				</Texture>

				<Texture name="$parentShadowBottomRight" inherits="HelpPlateBox-Shadow-BottomRight" parentKey="ShadowBottomRight" >
					<Anchors>
						<Anchor point="BOTTOMRIGHT" x="16" y="-16"/>
					</Anchors>
				</Texture>

				<Texture name="$parentShadowTop" inherits="_HelpPlateBox-Shadow-Top" parentKey="ShadowTop" >
					<Anchors>
						<Anchor point="TOPLEFT" relativeTo="$parentShadowTopLeft" relativePoint="TOPRIGHT"/>
						<Anchor point="TOPRIGHT" relativeTo="$parentShadowTopRight" relativePoint="TOPLEFT"/>
					</Anchors>
				</Texture>
				<Texture name="$parentShadowBottom" inherits="_HelpPlateBox-Shadow-Bottom" parentKey="ShadowBottom" >
					<Anchors>
						<Anchor point="BOTTOMLEFT" relativeTo="$parentShadowBottomLeft" relativePoint="BOTTOMRIGHT"/>
						<Anchor point="BOTTOMRIGHT" relativeTo="$parentShadowBottomRight" relativePoint="BOTTOMLEFT"/>
					</Anchors>
				</Texture>
				<Texture name="$parentShadowLeft" inherits="!HelpPlateBox-Shadow-Left" parentKey="ShadowLeft" >
					<Anchors>
						<Anchor point="TOPLEFT" relativeTo="$parentShadowTopLeft" relativePoint="BOTTOMLEFT"/>
						<Anchor point="BOTTOMLEFT" relativeTo="$parentShadowBottomLeft" relativePoint="TOPLEFT"/>
					</Anchors>
				</Texture>
				<Texture name="$parentShadowRight" inherits="!HelpPlateBox-Shadow-Right" parentKey="ShadowRight" >
					<Anchors>
						<Anchor point="TOPRIGHT" relativeTo="$parentShadowTopRight" relativePoint="BOTTOMRIGHT"/>
						<Anchor point="BOTTOMRIGHT" relativeTo="$parentShadowBottomRight" relativePoint="TOPRIGHT"/>
					</Anchors>
				</Texture>
			</Layer>
		</Layers>
	</Frame>

<!--
*******************************************************************************
    GlowBoxArrowTemplate
	This is a bright yellow arrow with a glow around it
*******************************************************************************
-->
	<Frame name="GlowBoxArrowTemplate" virtual="true">
		<Size x="53" y="21"/>

		<Layers>
			<Layer level="ARTWORK">
				<Texture name="$parentArrow" parentKey="Arrow" inherits="HelpPlateArrowDOWN">
					<Anchors>
						<Anchor point="TOPLEFT"/>
					</Anchors>
				</Texture>
			</Layer>
			<Layer level="BORDER">
				<Texture name="$parentGlow" parentKey="Glow" inherits="HelpPlateArrow-GlowDOWN" alphaMode="ADD" alpha="0.5">
					<Anchors>
						<Anchor point="TOP"/>
					</Anchors>
				</Texture>
			</Layer>
		</Layers>
	</Frame>
	<Frame name="MicroButtonAlertTemplate" inherits="GlowBoxTemplate" parent="UIParent" enableMouse="true" frameStrata="DIALOG" frameLevel="2" toplevel="true" virtual="true">
		<Size x="220" y="100"/>
		<!--KeyValues>
			Optional
			<KeyValue key="label" value="DISPLAY_STRING" type="global"/>
			<KeyValue key="tutorialIndex" value="LE_FRAME_TUTORIAL_X" type="global"/>
		</KeyValues-->
		<Layers>
			<Layer level="OVERLAY">
				<FontString parentKey="Text" inherits="GameFontHighlightLeft" justifyV="TOP">
					<Size x="188" y="0"/>
					<Anchors>
						<Anchor point="TOPLEFT" x="16" y="-24"/>
					</Anchors>
				</FontString>
			</Layer>
		</Layers>
		<Frames>
			<Button parentKey="CloseButton" inherits="UIPanelCloseButton">
				<Anchors>
					<Anchor point="TOPRIGHT" x="6" y="6"/>
				</Anchors>
				<Scripts>
					<OnClick>
						self:GetParent():Hide();
					</OnClick>
				</Scripts>
			</Button>
			<Frame parentKey="Arrow" inherits="GlowBoxArrowTemplate">
				<Anchors>
					<Anchor point="TOP" relativePoint="BOTTOM" y="4"/>
				</Anchors>
			</Frame>
		</Frames>
		<Scripts>
			<OnLoad function="MicroButtonAlert_OnLoad"/>
			<OnShow>
				self:SetHeight(self.Text:GetHeight()+42);
			</OnShow>
		</Scripts>
	</Frame>
</Ui>
